Income,Recency,NumWebPurchases,NumCatalogPurchases,NumStorePurchases,Age,Customer_Days,MntTotal,MntRegularProds,AcceptedCmpOverall,Response
58138,58,8,10,4,63,2822,1529,1441,0,1
46344,38,1,1,2,66,2272,21,15,0,0
71613,26,8,2,10,55,2471,734,692,0,0
26646,26,2,0,4,36,2298,48,43,0,0
58293,94,5,3,6,39,2320,407,392,0,0
62513,16,6,4,10,53,2452,702,688,0,0
55635,34,7,3,7,49,2752,563,536,0,0
33454,32,4,0,4,35,2576,146,123,0,0
30351,19,3,0,2,46,2547,44,42,0,1
5648,68,1,0,0,70,2267,36,23,1,0
7500,59,2,0,3,44,2752,45,29,0,0
63033,82,3,4,8,61,2385,1072,1042,0,0
59354,53,6,1,5,68,2385,296,282,0,0
17323,38,1,0,3,33,2786,41,36,0,0
82800,23,7,6,12,74,2741,1270,1225,2,1
41850,51,3,0,3,40,2711,92,88,0,0
37760,20,4,1,6,74,2826,289,261,0,0
76995,91,11,4,9,71,2617,1606,1430,1,0
33812,86,2,1,3,35,2762,94,55,0,0
37040,41,4,2,5,38,2849,268,220,0,0
2447,42,0,28,0,41,2698,1729,1728,0,0
58607,63,2,3,9,71,2712,953,934,1,0
65324,0,6,2,9,66,2328,539,534,0,0
40689,69,7,1,5,69,2627,345,246,0,0
18589,89,2,1,3,51,2702,62,49,0,0
53359,4,5,1,4,44,2557,216,175,0,0
38360,26,2,1,4,31,2553,121,111,0,0
84618,96,6,9,10,55,2378,1672,1672,1,0
10979,34,3,0,3,31,2197,26,22,0,0
38620,56,2,5,3,57,2573,229,140,0,0
40548,31,2,1,4,50,2786,117,114,1,0
46610,8,4,1,6,68,2767,259,216,0,1
68657,4,3,5,9,74,2653,1174,1152,0,0
49389,55,2,0,3,69,2463,62,59,0,0
67353,37,5,6,12,50,2339,878,843,0,0
23718,76,3,1,2,44,2459,45,9,0,0
42429,99,1,1,3,47,2297,63,59,0,0
48948,53,7,10,5,77,2672,860,818,1,1
80011,3,8,6,5,40,2585,1293,1191,0,0
20559,88,2,0,3,35,2633,46,39,0,0
21994,4,0,0,3,63,2711,19,16,0,0
7500,19,2,0,3,45,2429,19,7,0,0
79941,72,2,4,9,44,2160,810,636,0,0
7500,24,3,1,3,24,2756,72,22,0,1
41728,92,2,0,2,52,2560,42,29,0,0
72550,39,5,2,12,66,2757,1281,1243,0,0
65486,29,4,2,10,63,2207,493,479,0,0
79143,2,6,9,13,56,2846,1661,1629,0,0
35790,54,2,0,3,43,2702,69,66,0,0
82582,54,4,9,7,43,2181,1376,1135,2,1
66373,57,4,2,10,42,2541,497,388,0,0
82384,55,3,10,13,65,2746,1767,1577,1,1
70287,30,5,5,10,54,2612,1053,1013,0,1
27938,31,1,0,4,32,2221,24,19,0,0
55954,63,8,2,6,52,2277,475,432,0,0
75777,12,3,6,11,38,2519,1358,1278,2,1
66653,18,4,2,12,45,2819,606,600,0,0
61823,26,8,2,10,68,2655,715,546,0,0
67680,8,7,3,8,69,2542,600,594,0,0
70666,29,7,4,4,72,2364,1046,1016,0,0
25721,75,1,1,2,49,2563,19,4,0,1
32474,0,1,0,2,53,2208,11,11,0,0
88194,19,11,10,10,41,2261,1236,1198,2,1
69096,4,5,2,10,62,2434,544,435,0,0
74854,90,2,5,5,50,2606,1489,1416,0,0
66991,1,4,8,6,66,2815,1241,1229,0,0
65031,29,10,3,13,61,2628,777,691,0,0
60631,88,9,2,8,45,2609,642,623,1,0
28332,58,2,1,4,68,2219,56,47,0,0
40246,68,1,0,2,43,2716,12,11,0,0
75251,34,7,6,5,48,2830,1872,1854,0,1
75825,40,5,8,9,44,2784,2158,2107,1,1
26326,12,0,0,3,44,2457,9,0,0,0
56046,9,10,1,8,55,2702,641,590,1,1
29760,87,3,1,4,35,2828,148,131,0,0
26304,5,1,0,2,51,2530,12,8,0,0
23559,87,3,0,3,47,2520,56,33,0,0
38620,56,2,5,3,57,2573,229,140,0,0
81361,18,3,10,13,33,2283,702,626,0,0
29440,95,1,0,4,60,2481,53,50,0,0
36138,48,3,1,4,50,2507,146,141,1,0
50388,3,6,1,6,63,2191,338,304,2,1
79593,70,5,6,7,47,2207,1221,1076,1,0
54178,79,2,2,5,53,2318,187,180,0,0
42394,69,1,0,3,48,2257,28,24,0,0
23626,84,3,1,3,50,2195,43,43,0,0
30096,30,2,0,3,37,2197,36,27,0,0
47916,72,7,4,6,60,2743,531,456,1,0
51813,37,2,0,3,48,2603,61,59,0,0
78497,44,5,7,12,69,2369,755,532,1,0
50150,32,5,2,7,37,2533,399,388,0,0
47823,0,2,0,3,60,2500,62,52,0,0
34554,43,2,0,3,61,2250,50,45,0,0
85693,59,9,5,11,41,2594,1058,947,0,0
65846,68,6,3,6,75,2567,1039,958,0,0
87195,35,3,11,5,61,2211,1059,1021,0,1
24594,94,1,0,3,41,2360,20,11,0,0
49096,15,4,1,4,56,2437,180,173,0,0
52413,56,6,4,12,51,2671,845,780,0,0
38557,17,3,1,3,42,2716,118,91,0,0
89058,18,5,4,4,60,2728,807,764,0,0
77298,46,6,6,11,41,2398,890,811,0,0
68126,40,7,4,5,29,2755,1734,1648,1,1
57288,27,8,1,8,57,2163,548,488,1,0
86037,95,6,7,11,29,2702,708,686,2,1
43974,19,6,4,6,40,2723,479,407,0,0
50785,27,2,1,3,58,2451,87,60,0,0
90765,25,4,6,5,50,2315,1691,1658,2,0
36550,74,9,1,5,42,2654,457,337,0,0
30753,85,1,1,3,53,2512,51,21,0,0
21918,37,2,0,3,51,2386,30,27,0,0
56129,65,6,2,10,67,2533,612,564,0,0
32557,13,2,1,3,53,2284,70,60,0,1
19510,63,1,0,3,35,2457,23,16,0,0
30992,83,1,0,3,44,2592,41,39,0,0
101970,69,6,8,13,37,2633,967,799,3,1
71488,87,3,4,7,55,2655,387,215,0,0
79607,37,3,6,6,36,2593,1707,1491,0,1
54348,51,2,0,4,67,2180,86,82,0,0
77376,72,6,3,10,64,2209,649,637,0,0
62998,10,5,4,5,68,2431,405,347,0,0
61331,42,11,1,6,62,2635,591,550,0,0
73448,10,7,2,9,51,2298,595,465,0,0
41551,51,5,1,5,56,2478,256,233,0,0
62981,21,4,5,13,53,2628,1482,1482,1,0
9548,31,1,0,3,44,2849,20,11,0,0
33762,61,2,2,2,61,2516,90,74,0,0
35860,37,1,1,2,47,2200,29,9,1,1
36921,74,2,0,3,55,2495,34,30,0,0
92859,46,5,4,12,28,2777,2057,2037,0,0
65104,4,3,5,7,44,2386,1003,953,0,1
86111,73,5,7,10,58,2595,1259,1133,0,0
68352,47,8,5,9,46,2464,838,805,0,0
41883,13,4,2,3,32,2626,196,80,0,0
59809,36,3,3,6,44,2778,828,779,0,0
23957,47,2,0,3,45,2768,52,36,0,1
38547,49,1,0,2,39,2464,18,14,0,0
35688,94,4,1,4,47,2835,179,147,0,0
49605,65,2,1,4,54,2167,119,111,0,0
59354,59,4,4,7,67,2225,446,433,0,0
65747,96,8,1,6,51,2273,447,434,1,0
46344,28,7,1,5,48,2721,338,247,0,0
34176,12,3,0,4,32,2207,69,49,0,0
61010,57,8,5,11,68,2787,945,869,0,0
69372,10,10,4,6,71,2654,1339,1297,2,1
49967,4,6,1,5,62,2515,303,300,0,0
60199,49,0,0,3,42,2449,18,18,0,0
55375,3,1,1,6,43,2414,148,134,0,0
80317,64,3,4,10,65,2472,1174,1117,0,0
30523,0,1,0,2,62,2522,8,3,0,0
70356,20,10,6,9,75,2760,1673,1640,0,0
23228,91,3,0,4,36,2334,116,111,0,0
74165,9,5,4,10,45,2583,1281,1269,0,0
43482,83,2,0,4,54,2387,60,32,0,0
62551,27,6,7,4,67,2382,394,367,1,0
52332,63,3,2,6,61,2464,257,255,1,0
66951,46,3,4,7,32,2398,993,869,0,0
26091,84,2,1,3,63,2283,69,49,0,0
33456,58,1,0,3,55,2228,29,22,0,0
28718,78,2,0,3,38,2510,41,25,0,0
50447,4,3,1,3,50,2228,121,94,0,0
53537,17,2,1,3,61,2309,87,81,0,0
52074,77,2,2,2,53,2245,71,23,1,0
80427,56,11,8,8,45,2814,1809,1783,0,0
83837,79,9,10,5,72,2719,1207,1096,2,1
38853,90,2,0,3,50,2196,43,41,0,0
38285,96,0,0,3,61,2164,9,8,0,0
78497,44,5,7,12,69,2369,755,532,1,0
51650,81,4,1,4,44,2208,184,177,0,0
16248,77,2,1,3,32,2209,48,39,0,0
66835,21,6,4,13,74,2433,892,751,0,0
30477,16,1,1,3,36,2317,54,42,0,0
28249,80,2,0,3,59,2173,33,23,0,0
25271,45,1,1,2,37,2730,43,36,0,0
32303,63,1,0,4,50,2272,37,35,0,0
61286,34,7,1,8,54,2490,491,374,0,0
74068,14,4,10,9,44,2626,1566,1551,0,0
45759,13,2,0,3,56,2650,64,60,0,0
24882,52,1,1,2,42,2817,44,8,1,0
66973,98,8,7,12,31,2567,1180,1078,0,0
38872,93,3,0,3,32,2554,69,47,0,0
51148,38,5,1,6,47,2655,303,291,0,0
31353,24,1,1,2,43,2341,24,17,0,0
69661,80,7,3,12,40,2206,826,818,0,0
80067,82,4,6,6,66,2442,1549,1498,1,0
86718,20,5,6,5,66,2687,1098,926,0,0
46854,81,5,1,3,47,2249,184,105,1,1
69142,50,8,1,7,68,2159,496,457,1,0
75922,60,4,4,9,52,2361,1203,1111,0,0
63693,63,11,6,9,42,2417,1096,1042,0,0
102160,54,7,9,10,43,2763,1182,1124,3,1
40637,72,1,0,3,55,2506,35,32,0,0
18890,5,0,1,2,36,2755,20,5,1,1
29604,88,1,0,3,32,2362,39,25,1,0
48721,50,4,2,5,57,2571,272,251,0,0
44794,99,2,0,3,54,2180,61,57,0,0
64497,17,11,4,9,66,2816,1612,1420,1,1
46097,11,3,1,6,64,2614,233,225,0,0
77972,18,4,6,9,66,2262,1089,1077,0,0
44377,70,5,1,5,52,2791,254,244,0,0
46014,21,7,1,8,46,2683,497,453,0,0
70951,66,3,4,9,35,2580,1144,1090,0,0
41443,79,8,1,5,43,2248,393,304,0,0
52195,2,1,0,2,42,2207,16,15,0,0
83790,81,8,10,6,72,2385,1599,1583,2,0
44551,24,4,1,5,66,2461,219,153,0,0
69508,48,11,4,11,40,2751,1092,1049,0,0
45204,93,1,1,4,32,2238,96,78,0,0
72460,56,3,5,7,51,2386,1037,1027,0,0
77622,3,6,3,11,50,2235,700,686,0,0
30732,44,4,1,4,40,2699,182,179,0,0
63887,38,9,6,12,58,2818,1153,1061,0,0
42011,46,3,1,4,42,2619,150,111,0,0
51369,84,8,2,4,44,2771,394,212,0,0
51537,27,2,2,11,68,2726,1011,919,0,0
79930,72,3,5,8,48,2849,1736,1719,0,0
34320,66,1,0,2,34,2292,17,17,0,0
37070,30,5,1,8,54,2625,394,355,0,1
81975,2,6,3,4,58,2699,1561,1534,1,0
38590,65,1,0,2,49,2569,19,16,0,0
15033,37,1,0,3,69,2233,15,11,0,0
62745,89,7,8,11,55,2622,1085,1053,0,0
22212,49,2,0,4,45,2361,48,27,0,0
23661,46,1,0,3,38,2366,22,21,0,0
79761,32,5,2,11,62,2427,594,583,0,0
7500,54,3,1,3,47,2344,37,17,0,0
73455,98,6,5,10,52,2403,2068,2048,1,0
64961,97,6,4,4,62,2712,971,933,0,0
22804,75,2,0,2,49,2492,25,24,0,0
73687,8,3,9,9,30,2372,1446,1265,1,1
61074,37,11,5,8,62,2840,950,798,0,0
31686,31,1,0,3,56,2183,16,15,0,0
80134,40,5,3,6,48,2564,1610,1530,3,1
75027,74,9,4,6,67,2695,1313,1236,0,0
67546,90,4,10,5,32,2826,1954,1782,0,0
65176,57,9,6,6,51,2767,1461,1391,0,0
31160,59,2,0,3,45,2445,51,38,0,0
29938,52,1,0,3,35,2404,15,4,0,0
102692,5,6,9,13,46,2609,964,816,4,1
26490,92,3,1,5,62,2804,185,160,0,0
75702,77,4,6,11,53,2828,1118,1088,0,0
30899,35,1,0,3,46,2783,32,31,0,0
63342,48,8,3,5,59,2780,1080,1059,1,0
45989,97,3,2,7,56,2774,310,298,0,0
18701,95,2,0,4,56,2549,34,24,0,0
40737,24,1,0,2,63,2362,15,13,0,0
15287,60,1,1,2,41,2786,18,5,1,1
69674,46,10,2,10,52,2562,821,797,0,0
44159,85,4,1,6,50,2171,268,261,0,0
37717,31,1,0,2,42,2742,20,15,0,0
43776,9,5,2,4,68,2670,255,235,0,1
38179,30,3,1,3,54,2631,70,50,0,0
80124,47,3,7,8,57,2162,1254,1013,1,0
38097,70,3,2,2,50,2781,115,46,1,1
72940,13,3,3,6,50,2534,865,749,0,0
22070,11,2,2,2,50,2427,46,25,0,0
69267,31,3,4,5,67,2804,1489,1343,0,1
31788,15,3,0,4,37,2260,54,48,0,0
61905,2,4,2,4,45,2304,218,205,0,0
29315,55,2,0,4,60,2243,44,40,0,0
33378,38,2,0,4,57,2667,89,79,0,0
66313,86,6,3,12,57,2445,763,756,0,0
60714,56,7,4,10,64,2687,795,633,0,1
77882,29,3,3,5,39,2219,803,788,0,0
69867,30,3,5,8,34,2612,871,817,1,1
63841,64,9,3,9,52,2593,777,646,0,0
24480,46,3,0,4,39,2662,85,68,0,0
51369,84,8,2,4,44,2771,394,212,0,0
37760,20,4,1,6,74,2826,289,261,0,0
65640,74,5,1,8,46,2279,395,329,0,0
44319,18,2,0,3,45,2232,34,31,0,0
30631,75,3,1,2,46,2511,50,30,0,0
75278,17,6,3,13,68,2675,856,782,0,0
50898,88,6,2,12,64,2696,724,589,0,0
79946,19,5,11,5,54,2207,1450,1422,0,0
35416,62,7,1,5,71,2540,339,288,0,0
32414,11,1,0,3,36,2519,40,28,1,0
38361,74,3,1,3,51,2343,123,109,0,0
82497,32,2,7,9,40,2765,1716,1513,1,0
16626,76,3,0,3,49,2324,55,42,0,0
29672,6,0,0,3,55,2633,17,9,0,0
55951,62,3,6,11,68,2834,1334,1294,2,0
35388,20,1,0,3,32,2638,24,16,0,0
42386,43,3,0,3,34,2691,89,78,0,0
68627,45,2,3,6,38,2692,787,749,0,0
57912,34,8,3,12,55,2263,881,846,1,0
35246,53,3,1,3,62,2233,52,42,0,0
58821,44,9,2,9,64,2419,700,672,0,0
46377,89,2,1,3,42,2279,90,90,0,0
39747,43,5,1,4,32,2236,221,169,0,0
23976,68,3,1,3,36,2343,41,16,0,0
80950,44,6,7,9,59,2617,1150,1087,1,0
27038,64,3,0,3,54,2808,92,77,0,1
77457,85,2,5,10,73,2275,1146,1135,1,0
64100,93,8,3,6,56,2451,536,526,1,0
42670,12,4,2,4,28,2587,226,211,0,0
12571,86,3,1,3,44,2321,36,19,0,0
22574,28,2,0,3,53,2403,35,33,0,0
70893,42,6,6,10,44,2667,1494,1480,0,0
54198,13,3,1,6,54,2353,218,201,0,0
28839,86,2,0,3,64,2269,31,30,0,0
40321,59,3,0,3,48,2494,75,48,0,0
66503,30,4,3,6,35,2843,351,301,0,0
30833,33,1,0,3,69,2507,22,16,0,0
64795,23,3,3,12,49,2687,603,526,0,0
34421,81,1,0,2,46,2522,21,12,0,0
47025,6,1,0,2,55,2299,19,18,0,0
64325,41,10,3,5,59,2666,1234,1161,0,0
40464,78,8,2,8,67,2693,589,548,0,0
62187,49,4,8,5,63,2518,1157,1031,0,0
14849,39,2,0,4,44,2521,56,47,0,0
27255,3,1,0,3,36,2393,35,33,0,0
54432,37,1,0,3,70,2575,38,38,0,0
29999,22,3,1,4,34,2660,149,138,0,0
24072,79,1,0,2,37,2598,19,15,0,0
33996,46,1,1,3,31,2450,65,59,0,0
66334,82,9,3,5,64,2611,1138,1115,0,1
35178,10,1,1,2,49,2694,41,23,1,1
22010,51,2,0,3,37,2523,25,17,0,0
62204,38,4,5,12,60,2814,807,668,0,0
75693,10,11,4,6,52,2729,1412,1382,3,1
30675,14,1,0,3,48,2753,41,20,0,0
83003,18,7,6,8,55,2642,1552,1430,1,1
68655,95,4,5,11,32,2847,1500,1462,0,0
41411,11,2,1,4,34,2363,121,103,0,0
55212,65,4,2,11,51,2742,1148,1114,2,0
59292,71,3,5,8,70,2540,493,479,0,0
27190,13,1,0,2,47,2477,15,12,1,1
82623,58,2,9,4,68,2390,767,594,0,0
44300,65,1,0,3,55,2530,39,36,0,0
84835,0,4,4,6,50,2172,972,754,0,1
30372,33,2,0,3,49,2710,37,30,0,0
33181,90,1,0,2,44,2336,12,8,1,0
71113,95,6,7,9,63,2353,827,819,0,0
71952,93,8,4,8,34,2694,1350,1257,2,0
69759,38,4,6,5,54,2403,1029,1029,0,1
72099,18,3,4,10,46,2769,1166,1144,0,0
60000,57,11,3,5,44,2713,1265,1253,0,0
38643,45,2,0,3,42,2371,39,29,0,0
50737,61,2,0,4,65,2573,89,79,1,0
68462,6,3,3,8,51,2723,1622,1574,0,0
65073,65,5,3,5,77,2472,892,884,0,0
46681,52,4,6,4,72,2423,387,349,0,0
78618,87,4,7,10,63,2798,2092,2031,1,0
62187,38,6,2,10,51,2258,595,554,0,0
28442,53,2,1,4,42,2284,51,45,0,0
37717,31,1,0,2,42,2742,20,15,0,0
51479,67,6,3,6,53,2707,429,364,0,0
54803,65,6,2,9,51,2836,551,409,0,0
79530,64,4,10,11,60,2567,1319,1290,0,0
31615,82,2,0,3,44,2629,42,33,0,0
72025,27,4,3,8,58,2748,1699,1466,0,0
52614,63,2,4,8,45,2734,952,914,0,0
35684,66,1,0,3,36,2227,27,24,0,0
48178,69,5,1,4,45,2768,216,178,0,0
29548,52,1,1,2,50,2463,18,7,1,0
63810,45,4,3,12,54,2754,1270,1169,1,0
38578,2,3,0,3,48,2531,70,67,0,1
46098,86,3,2,2,45,2839,84,48,0,0
22585,23,1,1,2,50,2627,42,3,1,1
30279,13,1,0,3,31,2705,36,35,0,0
66426,14,3,5,10,59,2429,1220,1063,0,0
30822,92,1,0,3,51,2539,39,27,0,0
33581,38,1,0,2,51,2696,16,15,0,0
19986,74,0,0,3,35,2386,16,10,0,0
27421,14,4,1,6,66,2723,269,214,0,0
35688,94,4,1,4,47,2835,179,147,0,0
36143,33,0,1,2,39,2250,13,7,0,0
10245,32,1,2,2,49,2569,28,15,0,0
43795,11,7,3,4,52,2415,385,278,1,1
63381,78,4,5,13,60,2791,846,687,0,0
38823,56,2,1,3,71,2827,91,68,0,0
83664,57,2,2,12,52,2576,1087,1001,0,0
90300,7,5,6,8,41,2336,1681,1624,1,0
62499,0,3,1,6,41,2361,218,214,0,0
74293,66,5,4,6,27,2215,1046,965,0,0
51012,86,4,1,4,74,2596,185,161,0,0
70777,80,5,3,12,52,2283,709,631,0,0
68682,56,4,9,10,29,2425,1553,1508,0,0
43824,18,3,1,4,49,2811,154,122,0,0
15345,51,1,1,2,36,2826,28,9,0,1
23442,71,1,0,3,33,2711,22,17,0,0
14515,71,2,2,3,40,2756,61,26,0,1
31395,80,2,1,3,64,2622,57,50,0,0
75276,2,9,4,9,55,2799,1019,998,0,0
42373,83,2,1,5,46,2477,144,125,0,0
30507,29,5,1,4,60,2634,233,123,0,0
55521,11,6,3,6,65,2409,442,438,1,1
48006,55,1,0,3,55,2179,39,37,0,0
27213,19,2,0,4,48,2827,67,64,0,1
65808,1,5,1,5,49,2189,262,252,0,0
30351,19,3,0,2,46,2547,44,42,0,0
50437,28,7,1,8,57,2779,486,482,0,0
23616,76,3,0,3,38,2748,47,15,0,1
53858,50,4,3,6,44,2756,889,863,0,0
66465,1,11,9,12,65,2615,1471,1457,1,0
46923,90,5,1,7,33,2835,363,357,0,0
75072,83,5,4,8,58,2681,948,823,0,0
75865,73,3,5,10,77,2249,1230,1218,0,0
19789,24,2,1,3,45,2380,50,22,1,0
80134,11,2,7,11,26,2294,1352,1326,4,0
91065,33,7,9,9,39,2651,1360,1246,2,1
49505,4,10,2,8,49,2640,723,695,0,0
37401,14,2,0,3,47,2213,45,42,0,0
30096,30,2,0,3,37,2197,36,27,0,0
18492,75,1,0,2,38,2183,9,8,0,0
82584,26,3,4,8,46,2549,1367,1299,2,1
93027,77,7,10,5,79,2601,2098,2077,1,0
48686,8,1,0,2,67,2366,19,18,0,0
92910,42,6,7,13,34,2225,1762,1729,3,0
75433,28,2,5,10,31,2244,1131,1074,2,0
10404,52,1,0,4,31,2215,31,19,0,0
61314,1,5,5,12,52,2589,836,664,0,0
84865,1,2,4,9,59,2575,1672,1656,4,1
42387,42,8,1,7,31,2767,493,302,0,0
67309,76,9,6,9,53,2681,987,892,0,0
75236,27,8,3,13,56,2375,954,840,0,0
30015,28,1,0,4,50,2306,52,47,0,0
50943,49,1,0,3,64,2532,40,34,0,0
67272,12,6,2,12,54,2349,719,705,0,0
51529,14,9,1,5,71,2454,445,423,0,0
32011,89,2,1,4,49,2470,117,112,0,0
7500,96,2,0,3,34,2666,27,18,0,0
28691,56,1,0,3,31,2519,30,26,0,0
56223,72,2,1,5,72,2350,152,148,0,0
18100,14,0,0,3,74,2486,13,12,0,0
30279,13,1,0,3,31,2705,36,35,0,0
20130,99,1,0,3,46,2263,22,10,0,0
23295,72,1,0,2,61,2510,15,10,0,0
42618,92,5,0,4,48,2422,182,172,0,0
81246,87,4,5,7,56,2341,1342,1305,2,0
24027,7,2,0,3,44,2544,43,38,0,0
55707,91,3,2,9,67,2348,393,358,0,0
57959,71,4,7,11,65,2582,835,802,0,0
56796,24,8,9,7,51,2657,964,927,0,0
36230,17,2,0,4,49,2414,56,53,0,0
70829,87,4,2,8,40,2369,408,385,0,0
65991,21,9,5,10,44,2819,962,953,0,0
38988,90,5,1,6,48,2837,306,264,0,0
89572,44,7,7,9,54,2811,1995,1931,2,1
42207,71,4,1,5,36,2613,219,173,1,1
50300,52,2,1,8,68,2194,265,260,0,0
66664,78,5,7,6,38,2801,1257,1225,0,0
60597,2,2,2,8,56,2338,827,761,1,1
70165,60,3,7,11,71,2439,804,682,0,0
50520,25,3,1,3,62,2311,121,107,0,0
80124,47,3,7,8,57,2162,1254,1013,1,0
33183,46,4,0,3,45,2284,83,46,0,0
66582,83,2,8,9,51,2277,1288,1288,0,0
75261,17,5,6,5,65,2591,1726,1709,2,1
31880,13,1,0,2,50,2765,12,9,0,0
53790,86,7,2,8,69,2274,537,532,0,0
49269,92,7,3,12,49,2842,832,774,0,0
61456,47,6,10,13,45,2618,1299,1210,0,0
37406,18,1,0,2,40,2421,14,11,0,1
56937,81,8,6,9,39,2853,898,890,1,1
38415,91,1,0,3,42,2702,40,36,0,0
20518,58,1,1,2,32,2201,16,7,0,0
62503,40,8,3,11,64,2655,856,739,0,0
41644,67,1,0,3,48,2210,29,27,0,0
55842,19,7,1,8,43,2196,494,470,0,0
62010,93,6,2,7,48,2773,438,346,0,0
41124,41,7,3,4,43,2765,387,268,0,0
38961,60,2,1,2,47,2340,46,22,0,0
37760,54,2,0,3,48,2481,54,54,0,0
32233,26,6,2,2,46,2838,224,152,1,1
43057,30,4,2,5,45,2401,261,256,0,0
83151,93,5,9,4,60,2786,729,711,0,0
78825,35,5,10,13,56,2812,877,859,0,1
65104,4,3,5,7,44,2386,1003,953,0,0
60093,92,7,2,10,46,2527,645,555,0,0
14045,24,1,0,3,51,2313,19,18,0,0
28457,96,4,1,4,68,2768,191,177,0,0
78952,11,2,5,12,62,2802,1958,1824,0,0
46310,99,6,1,5,44,2732,295,281,0,0
76005,72,3,5,13,65,2651,1682,1642,1,0
58308,77,2,6,3,56,2692,770,640,0,0
55614,85,9,4,6,76,2373,656,630,1,0
59432,88,5,3,11,58,2601,651,639,0,0
55563,22,2,0,3,42,2244,41,39,0,0
78642,83,4,9,4,49,2593,1799,1782,0,0
67911,63,6,7,11,71,2197,976,976,0,0
65275,9,4,3,13,76,2611,725,704,0,0
27203,92,1,1,2,70,2851,40,16,0,0
48330,2,1,0,3,59,2385,32,32,0,0
24279,6,4,1,3,30,2706,155,47,0,0
64355,66,4,3,12,35,2833,1292,1139,0,0
50943,49,1,0,3,64,2532,40,34,0,0
53653,29,10,4,12,67,2758,1102,994,0,0
65665,77,5,10,8,44,2368,916,887,0,0
81217,77,3,7,11,31,2504,1073,989,0,0
34935,71,2,1,4,28,2532,117,97,0,0
61250,49,5,2,12,61,2719,671,612,0,0
39665,97,4,2,3,39,2559,185,154,1,0
60152,6,6,4,12,41,2617,852,761,0,0
48920,93,6,2,5,56,2411,341,335,1,0
89120,78,5,6,7,61,2263,1869,1814,1,0
44124,62,6,2,5,74,2573,345,293,0,0
81169,47,5,7,9,45,2600,2062,2035,0,0
36443,9,3,1,3,59,2670,118,98,0,0
26095,77,1,0,3,30,2523,31,20,0,0
71367,24,4,5,7,61,2469,702,627,0,0
80184,19,6,3,10,76,2279,1902,1902,2,0
30630,67,2,0,3,55,2312,42,32,0,0
73454,95,2,4,6,33,2279,1476,1301,1,0
42691,48,5,1,6,29,2476,300,242,0,0
70503,73,2,4,9,67,2796,1661,1595,2,0
25545,35,2,2,3,33,2818,125,40,0,1
32880,76,1,0,3,34,2731,40,38,0,0
77863,20,4,5,10,62,2373,1279,1267,0,0
50353,72,4,4,6,43,2180,407,372,0,0
61839,20,4,8,4,56,2845,1775,1655,0,0
49154,69,4,1,8,60,2397,340,269,0,0
47682,80,4,3,8,45,2658,460,399,0,0
72679,65,4,7,5,51,2443,1114,1060,0,0
57954,52,8,2,6,43,2170,484,475,1,0
65316,65,3,2,5,58,2590,222,184,0,0
28567,57,2,0,3,38,2536,40,34,0,0
47352,70,6,1,5,69,2603,304,289,0,0
44931,0,2,1,3,53,2321,89,82,0,0
76982,19,8,3,4,53,2293,1032,1002,1,1
57247,50,2,1,7,68,2484,226,220,0,0
22944,67,3,0,3,39,2347,50,24,0,0
25315,46,3,0,3,43,2393,32,10,0,0
43638,37,4,1,4,51,2851,182,163,0,0
42710,38,4,5,3,36,2737,304,202,0,0
84169,9,7,6,6,38,2485,1919,1919,2,1
54058,56,4,6,8,44,2549,608,554,0,0
24683,98,2,0,4,30,2272,35,29,0,0
85620,68,3,6,4,56,2332,1554,1508,0,1
47850,72,3,0,4,40,2367,124,114,0,0
19514,47,3,1,2,52,2313,41,13,1,1
27159,33,1,0,3,47,2251,20,19,0,0
39548,87,1,1,3,57,2249,36,18,0,0
21474,0,3,1,2,31,2241,57,23,1,1
60504,73,6,2,8,49,2301,492,458,0,0
22419,74,3,2,2,57,2596,120,78,0,0
81698,4,3,8,13,71,2394,961,914,0,1
43462,50,4,1,5,68,2814,225,210,0,0
54880,57,6,2,11,42,2644,677,559,0,0
79908,30,5,6,7,38,2609,1661,1550,1,0
15315,27,2,0,4,50,2489,47,30,0,0
87771,61,5,10,4,61,2562,1924,1891,4,1
33039,4,2,0,4,42,2452,66,54,0,0
81741,75,6,6,7,40,2537,1534,1496,0,0
71499,12,8,3,13,49,2528,758,721,0,0
62466,13,6,3,12,50,2324,806,723,0,0
48799,9,3,2,7,57,2395,307,283,0,0
52157,48,3,2,5,70,2181,225,185,0,0
66565,80,4,2,9,58,2730,1023,981,0,0
29298,60,1,0,2,69,2454,10,9,0,0
47691,43,1,0,2,41,2518,17,13,0,0
38200,19,1,0,2,50,2728,16,15,0,0
44989,26,5,1,5,46,2814,263,157,0,0
38443,58,1,0,3,52,2312,37,36,0,0
38593,42,4,1,3,42,2448,153,129,0,0
64413,27,5,1,5,50,2491,259,239,0,0
36959,56,2,0,3,39,2429,62,62,0,0
61996,27,6,4,8,43,2673,1206,1182,3,1
51287,10,4,1,3,52,2248,152,122,0,0
13260,48,3,0,3,50,2469,42,35,0,0
47472,39,2,0,4,54,2445,67,59,0,0
54603,85,4,2,4,64,2514,223,219,0,0
45207,64,3,1,6,46,2755,213,211,1,0
40689,69,7,1,5,69,2627,345,246,0,0
47821,54,1,0,3,53,2411,37,27,0,0
27450,57,2,1,3,69,2599,91,39,0,0
39453,64,2,0,3,37,2246,53,51,0,0
26850,10,2,1,4,49,2231,54,45,0,0
79800,65,5,11,5,65,2803,1643,1419,3,1
61794,74,4,4,10,59,2447,600,589,0,0
53863,4,7,1,7,65,2202,443,413,1,0
24221,94,1,1,3,61,2472,33,11,0,0
39684,41,2,1,2,36,2784,64,47,0,1
92163,25,5,11,5,45,2723,2066,2046,2,1
69882,94,3,7,9,55,2390,1313,1148,0,0
33178,9,1,0,3,43,2309,33,17,0,0
59973,47,3,4,7,48,2450,382,382,0,0
17459,12,3,1,2,45,2442,39,9,0,1
23910,80,2,0,3,51,2770,54,41,0,0
42169,20,1,0,3,51,2412,28,26,0,0
26224,39,2,1,3,42,2549,48,33,0,0
31089,57,3,0,4,39,2840,75,71,0,0
30081,27,1,0,3,59,2652,38,34,0,0
62807,83,5,3,12,60,2826,720,621,0,0
72906,79,3,4,9,65,2444,1097,1043,0,0
61467,69,5,2,10,72,2726,545,496,0,0
49618,77,3,1,3,54,2678,115,101,0,0
21888,15,5,1,2,34,2706,149,85,0,1
42429,99,1,1,3,47,2297,63,59,0,0
26150,61,1,0,3,64,2634,27,26,0,0
30801,23,1,0,3,45,2770,34,23,0,0
81168,84,6,4,7,55,2212,1171,1149,1,0
26877,74,3,1,6,51,2473,228,188,0,0
45006,90,3,1,7,76,2505,256,246,0,0
18978,41,1,0,3,47,2724,22,7,0,0
22574,28,2,0,3,53,2403,35,33,0,0
48240,73,6,3,13,51,2756,841,800,0,1
45837,88,6,2,5,46,2497,349,325,0,0
35791,94,1,0,3,55,2578,32,29,0,0
54162,31,1,0,3,42,2627,32,22,0,0
30522,6,1,2,9,60,2840,300,274,0,0
54456,23,6,1,7,59,2512,389,374,0,0
31632,92,2,1,2,49,2509,63,31,0,0
72298,52,4,3,6,71,2270,904,869,2,0
36975,50,1,0,3,42,2342,31,29,0,0
72635,54,6,8,6,65,2550,874,767,1,0
13624,93,2,0,3,44,2684,30,24,0,0
84196,56,8,4,7,45,2550,1047,857,0,0
70971,28,11,11,5,60,2805,1808,1791,0,1
34487,94,3,0,3,43,2820,95,87,0,0
28769,76,4,1,4,43,2717,188,185,0,0
69084,43,7,3,13,50,2381,1556,1526,0,0
65488,46,3,4,6,62,2175,909,855,0,0
62466,13,6,3,12,50,2324,806,723,0,0
32218,27,2,1,3,60,2293,63,33,1,1
83917,12,6,7,7,47,2596,1508,1429,0,1
46102,3,1,0,2,58,2270,15,14,0,0
84574,72,9,11,11,68,2549,1212,1049,0,0
56181,6,4,2,7,58,2696,345,297,0,0
63120,53,8,4,9,70,2798,1408,1339,0,1
73691,58,6,2,8,49,2394,1106,1033,1,0
63381,78,4,5,13,60,2791,846,687,0,0
76140,57,5,9,6,72,2206,1322,1296,0,0
62859,37,9,4,6,61,2705,1282,1257,0,0
45906,20,5,4,4,56,2577,342,198,1,0
77632,73,4,2,6,73,2635,2105,1958,2,1
46463,56,3,1,6,49,2474,224,213,0,0
105471,36,9,8,13,50,2683,1517,1310,2,1
55282,9,3,1,6,50,2357,216,197,0,0
78710,42,7,6,12,43,2196,1042,992,0,0
66886,28,7,1,7,62,2445,453,307,0,0
98777,23,4,6,9,60,2291,1970,1932,1,0
29103,38,1,0,3,35,2830,42,36,0,0
67445,63,9,6,12,46,2845,1163,1152,0,0
50616,71,1,1,4,70,2236,58,49,0,0
49431,9,7,1,5,65,2854,348,331,0,0
61278,87,3,1,4,67,2335,150,135,0,0
26490,92,3,1,5,62,2804,185,160,0,0
73059,36,9,3,13,73,2461,1024,953,0,0
46734,86,3,2,3,54,2410,147,71,1,0
56253,83,7,2,9,57,2728,592,587,0,0
19986,74,0,0,3,35,2386,16,10,0,0
58330,87,6,4,13,45,2345,913,762,0,0
25965,29,2,0,3,40,2819,63,52,0,0
14661,88,1,0,3,64,2703,24,22,0,0
18690,77,1,1,2,61,2707,41,22,0,0
45068,25,1,0,2,46,2568,17,14,0,0
21063,34,2,0,3,33,2436,44,29,0,0
29187,43,1,0,3,52,2575,32,30,0,0
54690,76,3,1,5,49,2393,180,162,0,0
59304,81,7,8,10,56,2494,1038,1028,0,0
59247,87,5,2,9,58,2392,491,408,0,0
66731,33,4,3,6,50,2814,888,747,0,0
77353,38,6,4,8,40,2354,611,552,0,0
52614,63,2,4,8,45,2734,952,914,0,0
26751,26,1,0,2,46,2197,10,9,0,0
81300,17,10,3,5,57,2766,1205,1169,1,1
70337,75,2,2,12,41,2337,485,394,0,0
36145,13,4,1,3,35,2537,154,136,1,1
65295,19,3,3,13,40,2347,658,652,0,0
68118,51,8,9,4,57,2413,774,620,0,0
68743,81,11,5,13,53,2827,1959,1844,0,0
41039,32,8,1,5,38,2498,422,377,0,0
38946,84,3,1,6,65,2407,216,175,0,0
65777,87,2,8,6,53,2351,1092,1038,0,0
66476,99,5,2,11,44,2638,611,533,0,0
86857,96,5,6,10,48,2814,2074,2034,0,1
77845,40,3,5,12,31,2203,1320,1294,2,0
69476,3,4,6,4,51,2431,977,910,0,0
50611,98,4,5,7,60,2792,489,485,1,1
61209,73,5,3,4,50,2467,858,759,0,0
42315,90,1,4,4,62,2511,190,110,0,0
13084,29,1,0,3,68,2398,19,9,0,0
47570,3,2,2,2,71,2555,90,59,0,1
61923,94,2,1,4,59,2497,120,114,0,0
34824,65,1,0,2,25,2254,19,15,0,0
26518,33,2,0,3,71,2606,55,53,0,1
45938,46,8,4,6,59,2397,607,578,0,0
78468,29,10,7,10,60,2240,970,936,1,0
78901,99,9,3,5,47,2444,700,666,0,0
71427,26,8,2,8,42,2268,591,568,0,0
71022,30,5,2,11,42,2297,1211,969,1,0
90247,27,3,4,7,32,2220,1605,1589,3,1
41335,24,4,1,4,52,2344,182,177,0,0
71952,93,8,4,8,34,2694,1350,1257,2,0
35682,34,1,1,3,50,2161,39,21,0,0
43185,88,9,3,6,69,2604,607,577,0,0
66375,96,2,4,5,72,2379,757,566,1,0
35178,10,1,1,2,49,2694,41,23,1,1
25252,26,1,0,2,34,2511,12,6,0,0
55250,49,7,5,10,55,2775,837,771,0,0
33249,11,2,1,3,45,2653,70,28,0,0
58398,44,5,4,8,67,2570,547,498,0,0
50272,75,4,1,5,38,2485,229,225,0,0
76618,64,3,2,5,45,2728,1364,1217,0,0
87305,19,5,3,8,60,2803,1072,992,1,1
25851,45,2,0,3,42,2662,43,38,0,0
58710,77,11,5,9,50,2614,1011,837,0,0
45160,9,1,0,2,62,2251,18,15,0,0
74806,1,5,4,5,55,2716,956,947,0,0
59111,90,11,1,8,66,2582,714,559,0,0
18988,43,1,0,3,36,2196,15,14,0,0
72190,79,5,6,4,55,2660,1698,1449,0,0
7500,19,4,1,2,44,2856,39,7,1,1
44794,99,2,0,3,54,2180,61,57,0,0
80395,62,6,5,12,65,2377,1332,1284,1,0
75012,41,3,8,11,44,2314,876,725,0,0
56962,60,6,3,5,55,2420,385,359,0,0
89891,17,11,6,8,29,2599,653,470,1,0
35946,24,0,0,3,71,2434,11,11,0,0
53593,60,7,2,6,67,2850,437,394,0,0
66373,57,4,2,10,42,2541,497,388,0,0
45072,74,6,1,4,72,2415,254,224,0,0
89694,22,4,3,4,47,2422,1430,1388,3,0
72025,46,4,8,13,71,2220,1677,1677,3,1
67432,69,8,5,4,47,2616,1165,995,0,0
70545,29,4,1,7,68,2185,313,292,0,0
17487,37,1,0,2,31,2627,12,6,0,0
62882,26,7,5,6,51,2848,1241,1144,0,0
64108,8,6,9,11,67,2622,1078,1057,0,0
34941,26,3,0,3,64,2639,73,49,0,0
48767,79,2,1,3,70,2338,53,43,0,0
38702,71,3,0,4,42,2491,69,29,0,0
82224,83,6,9,5,56,2314,862,822,1,0
83844,57,4,4,11,68,2572,1383,1192,1,0
17003,37,2,0,4,45,2361,31,24,0,0
71163,30,3,8,12,25,2271,916,872,0,0
33697,34,1,0,2,50,2446,17,6,1,0
63564,0,10,10,7,66,2310,1150,1085,1,1
83443,89,6,10,5,48,2339,1413,1329,0,0
51518,92,3,2,10,62,2428,445,441,0,0
58330,87,6,4,13,45,2345,913,762,0,0
80952,20,8,5,11,51,2645,1713,1669,3,1
75507,56,8,6,6,41,2217,1360,1280,0,0
63855,28,7,3,13,42,2664,917,828,0,0
62220,55,7,6,5,48,2846,1214,1202,0,1
58512,25,3,4,8,56,2442,1019,867,0,0
40662,0,2,1,3,41,2630,69,46,0,0
38829,86,3,2,2,61,2243,83,67,0,0
35523,8,3,0,3,39,2428,55,44,0,0
79146,33,8,1,8,53,2225,548,532,0,0
78285,13,6,4,10,32,2403,1387,1347,0,0
31626,12,2,1,2,42,2574,52,18,1,1
75127,92,2,11,5,68,2197,606,379,0,0
48726,90,3,2,4,65,2587,183,124,0,0
74985,8,3,6,7,43,2815,1783,1697,0,0
67430,6,11,5,12,33,2821,1243,1122,0,0
46891,91,2,1,4,55,2460,122,61,0,0
62058,52,6,1,7,64,2558,392,334,0,0
72063,3,5,2,12,41,2520,668,578,0,0
78939,57,8,5,6,69,2358,1302,1097,0,0
42720,9,7,3,7,55,2590,542,430,0,1
33622,22,2,0,4,48,2601,69,57,0,0
6835,76,0,0,1,63,2727,125,113,0,0
41452,86,1,0,2,67,2639,16,16,0,0
40760,64,2,1,3,55,2462,87,81,0,0
74250,90,2,11,4,62,2313,1158,1158,0,0
51124,79,1,0,3,65,2352,39,35,0,0
72258,28,6,9,5,49,2449,1391,1257,0,0
71466,86,4,4,10,46,2244,1230,1230,0,0
36283,42,1,0,3,44,2235,24,19,0,0
20587,39,1,1,2,50,2208,16,7,0,0
30467,8,1,0,2,48,2261,19,14,0,0
31590,40,1,0,3,48,2535,35,32,0,0
20425,5,2,0,3,34,2767,40,23,0,0
17144,96,3,0,4,60,2293,41,35,0,0
42564,28,6,8,4,52,2702,615,417,1,1
43783,22,7,1,8,42,2190,490,351,1,0
40780,30,7,1,5,44,2818,343,309,0,0
62847,45,3,6,4,75,2689,1551,1490,0,0
82017,58,5,4,7,63,2758,706,683,3,1
16813,49,2,0,3,70,2504,37,24,1,0
51267,37,3,3,5,42,2402,258,246,0,0
46524,70,1,1,5,59,2609,125,73,0,0
45183,33,4,1,7,58,2684,303,291,1,0
70421,98,10,3,7,66,2160,732,697,0,0
60161,17,11,4,8,55,2773,894,717,0,0
73926,54,6,5,12,47,2643,1565,1550,0,0
19329,39,4,0,3,52,2356,55,50,0,0
61872,81,4,4,9,50,2357,557,541,0,0
46984,71,1,0,3,64,2619,33,25,0,0
34838,62,2,1,4,69,2685,123,76,0,0
82716,8,6,8,13,76,2395,1145,1123,0,0
48192,76,2,8,12,62,2608,1497,1468,3,1
49681,66,7,1,7,44,2396,437,416,0,0
56850,83,1,1,3,49,2257,63,63,0,0
55267,28,3,4,6,63,2410,360,315,0,0
59666,87,3,2,8,48,2623,894,761,1,0
72504,43,5,9,6,48,2608,1384,1290,0,0
26872,0,1,1,2,39,2415,40,8,0,0
21359,1,2,0,3,48,2594,38,28,0,1
73170,1,5,4,6,45,2188,694,662,0,0
52750,72,5,7,9,65,2669,791,722,0,0
91820,72,5,5,12,34,2377,1467,1437,0,0
65968,12,5,4,7,50,2207,491,487,0,0
30772,89,1,0,2,44,2268,16,12,0,0
22507,67,10,2,4,66,2741,502,434,0,0
65685,54,9,2,9,48,2251,712,655,0,0
25804,34,2,0,3,42,2460,43,31,0,0
76412,15,5,4,8,40,2579,1791,1774,2,1
22063,43,2,0,3,48,2484,44,33,0,0
57091,0,7,3,7,59,2173,540,503,1,1
22419,74,3,2,2,57,2596,120,78,0,0
87771,61,5,10,4,61,2562,1924,1891,4,1
78353,51,10,2,11,61,2598,1542,1508,0,0
93404,97,3,4,7,66,2577,1601,1586,2,0
37859,75,1,0,3,58,2692,34,32,0,0
80995,83,8,9,4,62,2573,1426,1370,0,0
16529,23,1,0,3,36,2279,21,20,0,0
55412,65,2,0,3,44,2378,55,47,0,0
48789,94,6,4,7,28,2816,535,390,0,0
56575,42,7,3,7,53,2579,532,522,0,0
25130,10,2,0,3,40,2429,32,14,0,0
35441,94,1,0,3,53,2659,38,37,0,0
71391,50,6,5,12,64,2616,902,761,0,0
49494,46,6,1,5,48,2589,303,221,0,0
81702,98,7,7,12,40,2803,1446,1259,0,0
45889,42,1,0,3,40,2521,38,30,0,0
56628,30,7,6,5,43,2259,590,419,1,0
34026,11,2,1,3,70,2487,59,42,0,0
40049,61,3,2,6,46,2736,262,234,0,0
34176,12,3,0,4,32,2207,69,49,0,0
19419,76,4,0,3,39,2755,63,56,0,0
82504,2,3,6,7,60,2496,1012,958,0,0
81205,43,5,6,7,50,2326,1879,1749,3,1
61618,27,3,6,8,29,2797,1140,935,0,0
55284,60,7,5,8,64,2711,701,638,0,0
49980,79,3,1,5,57,2408,181,167,0,0
15072,96,3,1,3,40,2574,35,17,0,0
49166,17,5,3,3,46,2540,258,148,0,0
65324,0,6,2,9,66,2328,539,534,0,0
82347,38,7,7,10,63,2759,1790,1727,2,0
30843,43,1,1,2,54,2193,26,17,1,0
46374,1,7,1,7,46,2263,429,412,2,1
60474,25,10,2,12,41,2613,1010,840,0,0
38576,2,1,0,3,47,2276,41,41,0,0
55357,66,6,2,11,35,2654,663,599,0,0
37758,49,1,0,3,54,2792,39,38,0,0
85710,5,6,9,10,31,2579,1029,996,1,0
23228,71,2,0,3,51,2313,40,40,0,0
44602,35,6,1,4,51,2293,258,224,0,0
7500,94,0,0,3,33,2695,10,5,0,0
38683,80,4,1,6,31,2792,275,209,0,0
49514,61,6,1,4,45,2353,276,183,0,0
57906,29,4,2,8,47,2542,386,371,0,0
43456,0,5,1,8,54,2619,386,379,0,0
19485,80,1,0,2,34,2437,10,10,0,0
53172,54,2,3,8,42,2578,361,236,0,0
30545,71,2,0,3,41,2779,57,45,0,0
70123,27,5,7,4,37,2433,1727,1727,2,0
62450,61,5,5,4,61,2333,957,919,1,0
21675,55,4,0,3,44,2177,41,37,0,0
42395,35,3,1,4,39,2245,157,132,0,0
61346,34,5,7,10,42,2425,847,705,0,0
80812,95,4,8,5,67,2444,1644,1611,3,0
42835,64,6,6,4,49,2523,497,399,0,0
39922,30,3,0,4,37,2659,120,84,0,0
86424,12,6,9,12,64,2244,1158,1090,0,0
17117,96,3,1,3,42,2687,121,114,0,0
24762,16,3,1,2,48,2298,46,6,1,1
35797,16,2,0,3,45,2780,47,26,0,0
36627,78,0,0,3,45,2500,15,14,0,0
51111,83,2,0,3,39,2169,52,49,0,0
86857,96,5,6,10,48,2814,2074,2034,0,1
82072,67,3,2,13,50,2521,1889,1760,0,0
46231,87,6,1,4,67,2739,251,239,0,0
42243,34,2,0,3,61,2359,50,45,0,0
51195,46,9,2,5,58,2613,506,448,0,0
68092,7,2,6,10,42,2354,1233,1185,0,0
31814,73,2,0,3,47,2664,63,43,1,0
51390,54,5,2,5,55,2818,297,241,0,0
76630,93,3,10,11,37,2325,828,653,0,0
26868,52,1,0,2,29,2219,12,10,0,0
48948,53,7,10,5,77,2672,860,818,1,1
55260,81,8,10,5,48,2723,897,655,0,0
64090,8,6,9,4,64,2485,662,527,0,1
78331,97,10,6,7,62,2316,1577,1516,0,0
37087,50,4,2,8,46,2481,398,395,0,0
21846,38,4,0,3,34,2409,58,32,0,0
81320,61,4,3,10,62,2667,871,814,0,0
54137,46,4,1,4,50,2476,183,163,0,0
66825,73,4,5,6,53,2509,818,778,0,0
57100,19,3,3,6,47,2366,313,217,0,0
58917,10,4,1,6,51,2621,254,226,0,0
85072,94,3,4,10,43,2240,1182,941,0,0
86429,10,7,4,7,59,2379,1412,1375,1,1
45684,37,1,0,2,49,2368,21,14,0,0
47889,94,2,0,3,46,2335,63,59,0,0
45921,23,2,1,6,34,2270,187,175,0,0
78420,75,3,10,8,54,2524,1425,1397,0,0
75114,40,3,10,5,28,2393,1229,1205,0,0
52278,24,10,5,10,57,2679,1024,850,0,1
35641,11,3,1,4,48,2509,150,122,0,1
95529,29,7,3,7,26,2732,1966,1942,1,1
62820,51,3,4,6,66,2573,923,870,0,0
73113,86,3,4,7,60,2344,973,945,0,0
84169,9,7,6,6,38,2485,1919,1919,2,1
42607,30,3,2,7,66,2383,303,256,0,0
74637,73,6,9,9,66,2566,1634,1618,1,0
46015,25,1,0,3,65,2236,40,34,2,0
72354,67,2,10,6,27,2597,1046,864,0,0
39858,67,2,0,4,51,2680,69,43,0,1
34469,58,1,1,4,72,2215,50,38,0,0
83033,82,11,4,10,34,2201,1728,1695,1,0
24401,98,6,1,6,41,2826,352,237,0,0
77583,93,4,5,9,42,2298,1041,933,1,0
74116,53,4,4,10,38,2340,1886,1720,1,0
74293,66,5,4,6,27,2215,1046,965,0,0
68397,6,6,9,5,44,2383,1336,1256,0,0
79632,42,6,4,9,46,2241,1101,1089,0,0
46107,78,1,1,4,31,2298,92,59,0,0
64950,29,11,2,10,69,2845,903,840,1,0
25443,82,1,0,3,31,2713,25,18,0,0
75127,92,2,11,5,68,2197,606,379,0,0
32892,78,3,0,3,49,2194,44,42,0,0
71796,54,9,3,4,49,2407,928,896,0,0
67536,45,11,5,11,50,2562,1794,1759,1,0
55239,59,7,5,11,49,2509,673,567,0,0
60554,8,8,4,9,45,2483,796,781,0,0
64831,51,6,3,5,68,2543,976,832,0,0
56067,51,7,4,7,58,2503,605,485,0,0
82025,76,3,2,6,37,2556,1089,991,1,1
94384,62,5,8,5,67,2641,2130,1958,3,1
14906,86,2,1,3,34,2713,51,36,0,0
51563,60,4,4,10,33,2795,1214,1178,2,0
57937,56,4,4,9,38,2292,550,417,0,0
68274,83,4,2,5,41,2431,259,213,0,0
39771,92,2,0,3,43,2364,36,22,0,0
67893,31,3,2,9,45,2795,948,901,0,0
27922,80,2,0,3,41,2209,30,19,0,0
52190,39,2,1,3,44,2211,59,41,1,0
44051,20,3,1,4,47,2675,153,135,0,1
42767,53,3,1,2,49,2573,93,55,0,0
46106,84,1,1,2,44,2208,40,26,0,0
16927,50,3,0,4,44,2663,49,45,0,0
59754,96,5,2,6,55,2734,336,197,0,1
53700,94,5,5,8,68,2840,611,528,0,0
59041,25,2,0,4,47,2212,90,84,0,0
54237,48,5,2,5,63,2587,304,247,0,0
70647,65,4,7,13,53,2805,965,851,0,0
52597,69,6,3,8,58,2212,536,494,0,0
41021,12,2,0,3,51,2705,52,40,0,1
40233,84,2,1,5,45,2417,147,145,0,0
50183,47,3,1,6,40,2163,216,201,0,0
54753,87,5,2,11,61,2449,597,466,0,0
92955,35,6,7,9,47,2473,1694,1610,2,1
33471,47,3,0,4,47,2784,81,69,0,0
34596,48,1,0,2,46,2601,16,9,0,1
44010,46,10,2,6,40,2783,614,566,0,0
84219,27,3,4,10,32,2306,1153,1108,0,0
40706,37,3,0,4,52,2687,76,71,0,0
15716,8,3,0,4,32,2753,66,40,0,0
59052,29,7,1,7,61,2383,460,429,0,0
80573,85,4,6,13,49,2782,1549,1534,0,0
83715,2,2,8,13,58,2305,918,910,0,0
82576,66,2,4,12,61,2856,1892,1874,1,0
56962,60,6,3,5,55,2420,385,359,0,0
35704,54,2,0,4,68,2336,64,34,0,0
53103,70,10,6,7,66,2449,890,695,1,0
46779,55,0,1,2,60,2511,16,9,0,0
4861,20,0,0,0,55,2166,5,4,0,0
33462,78,2,0,3,41,2485,43,32,0,0
63693,63,11,6,9,42,2417,1096,1042,0,0
80763,17,5,11,6,70,2477,1184,953,2,1
65352,43,4,2,8,46,2471,382,359,0,0
82170,13,5,6,7,42,2375,1871,1834,0,0
75759,46,9,7,9,51,2406,2304,2122,3,1
79689,65,4,9,13,44,2572,1194,1073,0,0
35340,1,2,0,3,64,2159,40,35,0,0
85683,6,2,4,10,66,2259,1738,1687,4,1
24884,32,0,0,3,48,2736,16,13,0,0
42021,34,10,1,6,39,2826,546,519,1,0
64449,70,5,3,12,31,2290,735,665,0,0
64587,49,1,1,4,66,2166,88,68,0,0
34824,65,1,0,2,25,2254,19,15,0,0
75437,25,8,4,10,42,2391,1493,1493,1,0
26091,84,2,1,3,63,2283,69,49,0,0
52845,7,8,8,6,47,2479,872,808,1,0
46086,34,3,1,8,64,2397,293,243,0,0
78028,38,6,4,9,64,2816,490,452,2,1
95169,1,4,3,4,33,2422,1881,1861,2,1
56337,25,8,5,4,39,2618,542,360,2,1
22434,25,2,0,3,33,2660,43,28,0,0
36930,50,5,2,4,66,2567,258,219,0,0
36130,46,3,8,4,66,2671,451,414,1,1
65569,96,6,5,10,67,2760,789,719,0,0
83844,57,4,4,11,68,2572,1383,1192,1,0
19514,47,3,1,2,52,2313,41,13,1,0
36736,52,1,0,2,57,2574,13,9,0,0
77568,30,10,2,8,41,2832,2036,1878,3,0
49187,63,1,1,5,44,2328,116,116,0,0
30168,51,6,1,4,42,2638,252,225,0,0
34053,14,3,0,3,52,2816,91,79,0,0
38196,20,2,0,4,49,2231,41,38,0,0
59412,56,4,2,8,69,2230,395,384,0,0
70924,41,6,6,7,55,2242,1287,1211,1,0
54165,72,2,1,7,51,2556,225,214,0,0
32300,1,1,0,3,47,2701,33,27,0,0
20180,27,2,1,4,44,2653,119,101,0,0
34961,77,3,1,3,47,2169,78,77,0,0
28440,87,2,0,3,46,2516,63,63,0,0
64504,81,11,3,4,67,2641,1206,1098,0,1
33564,51,1,1,3,54,2164,64,57,0,0
17345,79,2,1,2,42,2762,46,34,0,0
56320,11,5,4,9,53,2606,619,536,0,0
28647,54,2,2,2,42,2471,68,42,1,1
15038,93,2,1,2,33,2675,54,28,0,0
32173,0,1,0,3,62,2491,20,18,0,0
68316,54,10,7,10,56,2761,1178,1145,0,0
74538,21,8,8,5,49,2524,1433,1405,1,1
91700,58,8,6,5,49,2687,1949,1930,0,1
68695,3,4,4,7,51,2163,1051,1011,0,0
31056,99,1,0,3,43,2682,39,23,0,0
79593,70,5,6,7,47,2207,1221,1076,1,0
28071,65,5,1,5,40,2828,269,225,0,0
37334,44,3,0,4,62,2282,47,32,0,0
46423,6,2,0,4,48,2443,84,76,0,0
37126,9,1,2,2,49,2250,65,58,1,1
47703,95,6,3,8,67,2555,532,409,0,0
61180,70,5,5,6,61,2226,486,268,1,0
38998,92,2,0,3,66,2762,49,44,0,0
8028,62,0,1,0,29,2808,176,174,0,0
76081,85,4,5,4,58,2196,833,633,1,0
34728,2,1,1,2,34,2493,30,24,0,1
33168,0,2,1,4,55,2783,119,116,0,0
33585,91,2,0,4,54,2436,93,64,0,0
77037,3,7,7,12,60,2418,1113,1103,0,0
35196,68,6,1,5,36,2752,310,123,0,1
44529,98,6,2,11,54,2518,665,639,1,0
70924,41,6,6,7,55,2242,1287,1211,1,0
28764,16,1,0,2,54,2183,11,10,1,0
69098,82,7,8,9,71,2657,2262,2084,0,0
25959,1,1,2,2,50,2659,30,4,0,1
27100,64,1,0,3,37,2609,27,17,0,0
70596,68,3,5,12,35,2791,942,916,0,0
42557,98,6,1,4,46,2828,255,240,0,0
53312,32,5,1,5,69,2483,253,228,0,0
72228,87,6,7,8,68,2738,1194,1138,0,0
67605,84,2,8,6,33,2614,884,830,0,0
62845,3,3,4,10,71,2795,1144,1110,1,0
65196,34,7,6,11,62,2498,955,755,1,0
42000,23,5,2,11,33,2694,618,583,0,1
35860,37,1,1,2,47,2200,29,9,1,0
65526,22,4,4,8,56,2238,497,488,0,0
16860,19,1,1,3,59,2814,24,10,0,0
83528,7,4,10,8,28,2218,1503,1356,2,1
64176,52,8,9,8,55,2854,1677,1528,0,0
22304,91,1,0,2,64,2853,16,14,0,0
67023,93,3,7,13,42,2276,889,872,0,0
32892,78,3,0,3,49,2194,44,42,0,0
70713,23,5,6,8,54,2732,1287,1097,0,0
59925,83,9,2,9,65,2735,710,654,0,0
39722,92,2,0,3,67,2284,39,31,0,0
46610,4,6,1,6,62,2505,342,217,0,0
88347,32,4,7,9,59,2520,1998,1880,1,0
87171,27,6,7,11,39,2583,1254,1210,2,0
26907,10,1,0,3,44,2472,20,18,0,0
50014,9,4,1,8,52,2317,354,312,0,0
41014,65,1,0,2,42,2592,17,14,0,0
66294,68,4,3,5,55,2263,850,733,0,0
36715,16,7,2,4,49,2748,341,325,0,1
79456,12,5,6,4,64,2835,1302,1203,0,1
40479,95,0,0,3,38,2475,15,15,0,0
75345,16,5,8,6,50,2671,1954,1821,1,1
54233,46,11,6,5,43,2669,839,697,0,0
24163,3,1,0,3,50,2419,15,13,0,0
84460,80,9,9,4,62,2700,442,361,4,1
43776,77,1,0,2,37,2216,20,17,0,0
71691,0,4,7,5,62,2263,1149,1106,0,1
85844,62,6,6,7,47,2190,1920,1882,1,0
39190,91,2,1,4,46,2223,121,109,0,0
71367,24,4,5,7,61,2469,702,627,0,0
38578,2,3,0,3,48,2531,70,67,0,0
57236,22,2,1,4,55,2268,117,113,0,0
61825,56,4,2,8,41,2485,397,370,0,0
79803,54,4,3,5,62,2186,835,802,0,0
80910,71,3,3,8,34,2765,715,674,0,0
27590,38,1,0,2,38,2591,11,10,0,0
56775,62,5,8,10,41,2702,902,867,0,0
83829,78,4,7,6,45,2423,1835,1808,3,1
54210,18,4,1,7,41,2564,322,277,0,0
38508,95,7,2,5,34,2490,389,335,0,0
53187,66,4,1,6,50,2405,257,247,0,0
30023,28,2,0,3,48,2256,40,19,0,0
76045,78,4,5,11,60,2385,1323,1323,1,0
50870,13,2,0,3,68,2169,61,59,0,0
15315,27,2,0,4,50,2489,47,30,0,0
65463,17,6,2,9,46,2309,546,530,1,0
66480,71,4,1,7,55,2188,306,300,0,0
76773,79,2,2,11,66,2648,1140,1124,0,0
81698,1,8,2,5,37,2644,1059,1014,1,1
54466,78,1,0,2,47,2299,16,16,0,0
98777,23,4,6,9,60,2291,1970,1932,1,0
16269,75,3,0,3,36,2462,44,44,0,0
71819,70,3,3,5,49,2464,1406,1238,2,0
33569,10,1,1,2,37,2415,39,15,1,1
36262,24,3,5,3,37,2441,273,120,1,1
22634,47,2,1,2,54,2688,50,4,0,0
47025,98,11,1,6,42,2449,606,577,0,0
70566,4,6,5,9,52,2425,736,715,0,0
31605,15,2,1,4,41,2743,119,113,0,0
52034,67,4,2,5,47,2567,259,186,0,0
48526,32,2,1,4,41,2346,126,117,0,0
46734,40,6,1,5,66,2747,301,272,0,0
39552,54,6,2,5,58,2717,343,302,0,1
86358,78,5,3,6,54,2849,1627,1532,0,0
46931,94,1,1,3,43,2225,62,46,0,0
16581,51,0,0,3,35,2692,13,2,0,0
63998,42,7,6,11,68,2350,1056,944,0,1
67381,67,2,2,9,69,2689,887,817,1,0
25930,87,1,0,2,53,2421,11,7,0,0
42693,29,1,0,3,42,2181,41,25,0,0
85606,89,6,7,9,44,2753,1872,1788,1,0
72903,74,7,5,8,35,2402,1974,1935,3,1
49669,97,5,1,6,46,2195,297,268,0,0
36778,63,3,0,3,52,2852,73,69,0,0
85696,88,4,6,9,58,2581,1301,1289,0,1
10979,34,3,0,3,31,2197,26,22,0,0
49678,81,6,2,4,59,2671,295,275,0,0
56129,65,6,2,10,67,2533,612,564,0,0
37155,51,2,0,4,31,2673,71,68,0,0
21282,76,2,1,2,42,2208,26,6,0,0
33419,76,2,0,4,58,2475,68,50,0,0
63285,84,6,5,13,75,2395,969,835,0,0
21255,56,2,1,4,46,2318,58,55,0,0
42162,31,3,1,3,39,2381,118,91,1,1
54450,0,9,2,8,64,2812,652,620,0,0
57744,91,9,1,4,66,2388,392,373,0,0
26576,40,1,0,2,34,2783,18,9,1,1
57513,59,9,3,13,77,2517,1030,1000,0,0
68142,96,10,4,7,56,2828,1422,1385,0,0
7500,61,1,0,2,41,2828,13,8,0,0
83145,14,5,9,11,46,2804,1719,1605,1,1
54197,16,1,3,6,60,2246,224,211,0,0
23091,98,2,1,3,57,2191,46,44,0,0
46049,11,5,2,9,44,2502,496,477,0,1
56715,52,7,3,4,46,2730,1011,1002,0,0
79410,19,3,2,5,59,2190,1357,1344,0,0
57304,61,7,6,10,69,2634,920,814,0,0
44375,73,4,1,6,55,2257,260,219,0,0
54450,0,9,2,8,64,2812,652,620,0,0
59594,74,8,1,7,55,2776,490,481,1,0
80685,55,6,4,10,26,2835,950,896,0,0
40344,48,4,1,5,46,2418,216,214,0,0
62710,53,4,2,12,48,2561,595,584,0,0
48985,13,1,1,3,52,2518,67,59,0,0
35322,34,2,0,4,52,2835,93,80,0,0
77142,54,4,4,8,72,2555,893,796,0,0
81657,69,3,4,8,51,2317,1047,997,0,0
14421,81,1,0,2,24,2291,8,0,1,0
20130,99,1,0,3,46,2263,22,10,0,0
74214,3,8,2,5,30,2831,1678,1645,0,0
66726,61,8,2,4,63,2327,391,344,1,0
23724,65,2,0,3,41,2696,61,47,0,0
47353,93,2,2,6,60,2387,221,217,0,0
33444,24,1,0,2,68,2762,16,14,0,0
54386,8,3,2,10,39,2567,445,420,0,0
28510,72,2,0,4,39,2601,72,53,0,0
90638,29,3,4,10,29,2295,2429,2333,1,0
48070,33,8,2,6,70,2691,485,466,0,0
43140,68,4,1,5,63,2699,224,213,0,0
54959,55,9,5,4,59,2685,1208,1184,1,1
15056,76,2,2,3,62,2581,48,8,0,0
26954,17,1,0,2,49,2211,16,15,0,0
22327,94,1,0,3,35,2490,19,14,0,0
44393,86,1,0,4,55,2470,50,40,0,0
62000,25,6,6,13,68,2467,1000,980,1,0
31497,22,3,1,4,58,2729,151,147,0,0
45894,15,1,0,3,46,2281,38,25,0,0
78579,35,5,6,4,50,2713,1713,1614,0,1
67369,81,7,4,10,51,2748,1419,1377,2,1
58401,55,1,2,2,60,2229,67,38,0,0
62307,94,4,0,4,68,2291,150,140,0,0
43641,50,2,1,4,51,2592,116,93,0,0
63841,64,9,3,9,52,2593,777,646,0,0
46891,91,2,1,4,55,2460,122,61,0,0
70091,11,5,2,10,51,2614,1150,1139,1,0
78075,72,3,5,5,48,2244,908,828,0,0
59184,6,6,6,12,59,2817,1006,940,0,0
54809,0,2,1,5,43,2450,152,130,0,0
58113,66,9,2,8,61,2679,674,590,0,0
51412,42,3,2,4,62,2339,181,167,0,0
15287,60,1,1,2,41,2786,18,5,1,1
66636,64,3,4,9,63,2475,1084,1084,0,0
50965,87,10,4,5,64,2653,656,627,1,0
84618,96,6,9,10,55,2378,1672,1672,1,0
18351,1,2,0,3,30,2402,36,29,0,0
40451,54,1,1,2,63,2292,39,29,1,0
36317,53,3,0,4,55,2562,120,107,0,0
42213,96,5,1,7,63,2419,343,323,1,0
65748,58,2,4,10,65,2599,511,477,0,0
77044,12,7,11,11,48,2404,989,913,1,0
74918,78,5,9,6,51,2633,1988,1929,1,0
56721,64,4,1,5,48,2765,221,146,0,0
42160,26,2,1,4,45,2525,120,100,0,1
61559,8,4,2,10,55,2506,496,462,0,0
33629,49,3,1,4,57,2849,148,144,0,0
68682,56,4,9,10,29,2425,1553,1508,0,0
34377,55,2,2,2,57,2685,88,62,0,0
8940,25,3,1,3,34,2835,59,17,0,0
26228,50,1,0,2,47,2439,16,7,0,0
77297,84,5,7,9,63,2678,748,707,1,0
40211,30,2,1,2,39,2493,62,37,1,0
33438,81,2,1,4,62,2439,84,78,0,0
75032,74,5,4,9,61,2586,1203,1191,0,0
61284,76,11,2,8,65,2419,766,721,1,0
22518,36,2,1,2,34,2774,34,7,1,1
54730,64,4,1,8,45,2477,349,293,0,0
38452,62,3,0,3,65,2250,70,68,0,0
44421,53,5,0,4,49,2658,182,175,0,0
38197,86,1,0,3,34,2524,37,34,0,0
41986,15,3,0,4,42,2299,51,39,0,0
28427,67,2,0,3,37,2624,46,40,0,0
37395,47,1,0,3,44,2217,28,17,0,0
64722,47,8,2,11,49,2193,790,775,0,0
55249,81,2,1,4,64,2232,119,108,0,0
84906,98,5,6,12,48,2427,1555,1479,3,0
28691,56,1,0,3,31,2519,30,26,0,0
44213,48,2,1,5,68,2371,145,138,0,0
25707,18,1,0,3,36,2321,18,15,0,0
59062,74,2,0,3,53,2428,62,53,0,0
76624,68,5,10,7,58,2195,833,767,1,0
66000,36,1,3,5,73,2229,666,621,0,0
27683,90,6,2,4,42,2853,306,261,0,0
1730,65,0,0,0,49,2201,7,6,0,0
7500,63,3,2,2,28,2732,79,39,0,0
40521,82,0,1,2,52,2609,17,13,0,0
20427,63,1,0,2,47,2256,9,8,0,0
65106,55,8,3,13,45,2195,954,935,1,0
69969,64,4,2,6,55,2465,1492,1448,2,1
67433,51,6,5,13,68,2507,962,932,1,0
77766,97,11,10,11,53,2651,1502,1475,1,1
74716,92,7,3,5,48,2449,789,718,0,0
68118,51,8,9,4,57,2413,774,620,0,0
55158,72,7,2,5,50,2858,395,372,0,1
62972,39,7,4,3,65,2854,395,203,0,1
74190,49,4,2,11,45,2207,577,513,0,0
39356,21,1,0,2,44,2261,17,11,1,0
76653,91,4,7,11,51,2476,2153,2027,2,0
35860,37,1,1,2,47,2200,29,9,1,0
90687,98,6,2,8,37,2562,1728,1677,1,1
73450,85,7,8,11,38,2365,1767,1730,2,0
31454,40,2,0,3,60,2517,39,30,0,0
47139,2,2,1,2,68,2274,60,37,0,1
83829,78,4,7,6,45,2423,1835,1808,3,1
53378,41,9,4,6,57,2802,661,529,0,1
19656,94,2,1,3,50,2665,52,20,0,0
45579,10,4,1,4,72,2472,182,181,0,0
85485,73,6,6,6,62,2167,1329,1275,0,0
55956,22,7,3,4,76,2242,961,923,1,0
64191,30,5,3,13,57,2682,810,795,0,0
38808,21,5,1,4,48,2831,216,186,1,1
57183,51,9,1,7,54,2626,540,470,0,0
23748,97,2,1,3,52,2744,68,60,0,0
66303,56,3,4,11,49,2647,1226,1166,1,0
37368,4,1,0,2,45,2354,20,10,1,0
40800,77,3,0,3,56,2703,89,79,0,0
71847,95,6,7,9,42,2805,982,772,1,0
46149,36,5,1,7,45,2371,335,308,0,0
78687,13,4,6,8,37,2848,1889,1648,1,1
49118,90,9,7,10,49,2839,1110,991,2,1
37633,49,1,0,3,63,2806,37,36,0,0
39767,18,7,1,7,69,2502,438,391,0,0
26997,89,4,2,5,69,2760,290,146,0,0
33986,43,1,0,3,50,2631,39,34,0,0
57091,82,9,2,5,48,2742,492,488,1,1
46831,84,1,2,2,51,2545,44,10,0,0
83151,80,5,7,10,48,2663,2136,1926,3,1
52531,68,7,2,10,49,2705,669,544,0,0
15759,12,1,0,2,64,2456,14,11,0,0
22804,75,2,0,2,49,2492,25,24,0,0
43050,10,2,0,4,47,2262,68,60,0,0
42997,91,1,0,2,43,2363,10,5,0,0
48918,21,1,0,4,57,2237,61,60,0,0
60033,28,2,1,5,66,2251,150,102,0,0
34043,97,2,0,2,42,2406,39,29,0,0
57811,49,7,2,11,54,2529,724,646,1,0
78569,14,4,6,4,74,2289,1641,1546,1,1
7500,5,2,1,3,42,2708,32,7,0,0
94384,62,5,8,5,67,2641,2130,1958,3,1
23148,83,2,0,3,35,2290,27,17,0,0
44267,48,5,2,4,50,2648,261,212,0,0
71626,94,5,5,8,41,2764,1233,1161,1,0
60894,61,10,3,8,54,2525,778,724,0,0
50200,70,7,1,5,44,2611,337,273,0,0
81051,43,5,5,12,55,2196,1487,1473,2,0
65169,23,10,4,13,38,2325,1143,1097,4,1
59868,37,11,2,12,48,2501,1040,886,0,0
65695,50,5,4,10,60,2308,650,644,0,0
64857,78,7,5,10,64,2742,1497,1454,0,0
45143,74,6,1,5,55,2466,297,283,0,0
74805,14,4,7,10,65,2394,783,746,0,0
59060,77,3,1,7,31,2328,262,250,0,0
27238,39,3,0,3,58,2594,54,51,0,0
47009,89,3,2,8,55,2430,358,268,0,0
46094,62,1,0,3,47,2178,39,34,0,0
40321,59,3,0,3,48,2494,75,48,0,0
37235,68,1,1,2,36,2307,41,21,0,0
81843,13,5,9,12,60,2592,1505,1367,0,0
46692,37,6,1,5,62,2547,309,221,0,0
77382,36,5,7,12,52,2332,987,853,1,0
37774,28,7,2,3,43,2823,297,121,1,1
18393,2,3,0,3,46,2251,46,42,0,0
72828,17,6,3,13,58,2659,1473,1268,0,0
24711,86,3,0,3,38,2231,51,44,0,0
45503,54,3,1,4,45,2436,152,134,0,0
6560,2,1,0,1,38,2358,111,-151,0,0
71604,3,8,3,5,75,2383,1099,1002,1,1
27244,84,2,2,2,41,2273,55,9,0,0
48752,8,6,1,5,51,2723,316,316,0,1
71434,4,7,4,7,58,2443,1232,1064,2,0
90842,57,4,9,13,72,2494,1331,1238,0,0
88097,24,6,5,8,42,2839,769,694,3,1
51948,51,5,2,4,45,2444,270,229,0,0
71853,29,2,8,6,38,2576,1117,1085,0,0
35876,13,3,1,3,37,2229,115,101,0,0
40049,23,1,0,3,68,2415,29,26,0,0
39660,36,7,1,3,38,2849,263,227,0,1
50127,88,5,1,6,58,2190,305,290,1,0
43263,2,5,2,6,43,2744,339,237,0,0
62845,3,3,4,10,71,2795,1144,1110,1,1
18929,15,1,0,4,30,2657,67,49,0,0
24367,58,1,0,2,38,2625,19,14,0,0
33249,11,2,1,3,45,2653,70,28,0,0
26887,27,1,0,3,61,2663,24,18,0,0
50150,32,5,2,7,37,2533,399,388,0,0
62061,12,10,4,7,44,2461,762,724,1,0
85696,88,4,6,9,58,2581,1301,1289,0,1
76542,91,4,8,10,64,2615,1469,1455,0,0
70515,12,6,6,4,27,2410,1118,978,0,1
18227,21,0,1,2,33,2757,17,6,0,0
69139,23,4,1,5,55,2312,221,215,0,0
69109,10,6,6,7,38,2756,1460,1365,1,1
69627,35,8,2,11,58,2628,808,755,0,0
38136,69,3,1,2,42,2592,70,37,1,0
62159,68,6,2,10,74,2221,605,576,0,0
80695,85,5,8,5,57,2341,1900,1882,0,0
33316,34,2,1,4,49,2427,119,107,0,0
58554,55,8,2,6,52,2800,498,410,0,0
17256,10,2,1,2,28,2377,40,18,1,0
53034,30,6,1,7,46,2554,397,347,0,0
52203,36,8,7,11,70,2857,911,883,0,0
59601,14,2,2,7,43,2498,774,751,1,0
75154,79,6,3,6,62,2822,1061,979,0,1
47025,52,6,3,5,44,2393,389,363,0,0
37971,97,1,0,3,47,2375,23,16,0,0
41335,24,4,1,4,52,2344,182,177,0,0
67267,0,3,2,5,62,2206,221,191,0,0
57338,96,4,1,5,45,2220,220,203,0,0
50523,89,2,0,4,60,2345,90,89,0,0
35791,94,1,0,3,55,2578,32,29,0,0
50611,98,4,5,7,60,2792,489,485,1,0
56242,72,8,4,11,51,2642,883,795,0,0
48904,1,7,2,4,60,2733,344,317,0,0
56243,26,4,2,8,45,2340,389,382,0,0
21355,5,2,1,2,35,2472,37,6,1,1
57420,22,5,1,6,49,2528,298,274,1,0
46390,56,4,2,3,65,2214,184,146,0,0
54342,74,3,1,4,64,2520,149,121,0,0
20895,24,2,0,3,47,2790,41,37,0,0
92344,9,5,10,5,72,2324,1780,1661,2,0
26907,10,1,0,3,44,2472,20,18,0,0
44964,35,1,0,3,40,2719,39,37,0,0
75507,56,8,6,6,41,2217,1360,1280,0,0
53761,7,4,4,3,48,2420,254,183,0,0
22682,51,2,1,4,47,2428,59,23,0,0
38887,17,1,0,3,48,2278,39,36,0,0
41658,30,1,1,2,45,2756,43,14,0,0
29791,21,2,0,3,48,2204,20,20,0,0
63915,2,6,3,12,64,2493,774,759,0,0
39996,85,1,0,2,46,2197,14,13,0,0
26759,65,2,1,3,48,2301,57,55,0,0
63841,64,9,3,9,52,2593,777,646,0,0
51039,11,6,2,4,51,2725,308,199,0,0
60544,92,5,1,5,59,2832,254,219,0,0
65685,54,9,2,9,48,2251,712,655,0,0
37716,4,4,1,3,67,2228,147,106,0,0
36864,53,5,2,4,63,2844,265,176,0,1
44511,39,8,4,8,50,2784,713,699,0,0
36947,49,3,0,4,53,2850,117,88,0,0
47352,70,6,1,5,69,2603,304,289,0,0
67087,40,7,5,8,67,2353,751,708,0,0
57045,40,4,2,9,70,2818,437,420,0,0
36957,43,3,2,2,67,2820,121,90,0,1
69389,17,7,2,12,43,2798,782,767,0,0
80134,40,5,3,6,48,2564,1610,1530,3,1
43142,84,1,0,2,51,2290,16,12,0,0
80589,25,5,10,5,76,2317,1402,1376,1,1
34412,62,5,0,3,30,2660,154,99,0,0
57537,83,4,3,8,41,2543,445,345,0,0
22634,47,2,1,2,54,2688,50,4,0,0
51315,45,2,2,5,72,2285,181,140,0,0
36026,34,2,0,3,48,2264,44,27,0,0
24639,3,2,0,4,47,2311,43,42,0,0
34578,1,1,0,2,48,2238,8,8,0,0
65704,18,2,10,10,48,2418,571,325,0,0
63810,45,4,3,12,54,2754,1270,1169,1,0
54132,81,1,0,3,51,2292,39,36,0,0
18690,77,1,1,2,61,2707,41,22,0,0
28164,23,2,0,4,50,2580,66,54,0,0
34596,48,1,0,2,46,2601,16,9,0,0
43269,61,1,0,2,48,2445,18,17,0,0
38741,60,2,0,3,62,2250,48,35,0,0
31907,75,6,1,6,48,2641,375,301,0,0
27100,64,1,0,3,37,2609,27,17,0,0
31163,54,1,0,3,47,2295,28,18,0,0
92533,84,6,5,11,35,2351,1089,1047,2,0
34853,75,2,0,3,47,2347,32,30,0,0
70844,16,6,1,5,53,2401,292,290,0,0
31086,79,1,1,2,41,2580,32,16,1,0
60544,92,5,1,5,59,2832,254,219,0,0
20491,16,0,1,2,34,2679,20,10,0,0
42523,96,1,1,4,56,2226,90,55,0,0
39922,30,3,0,4,37,2659,120,84,0,0
33402,60,2,1,3,68,2505,62,54,0,0
36408,11,1,0,2,71,2440,19,16,0,0
21645,75,3,0,3,41,2823,46,27,0,1
78427,36,3,7,10,72,2772,1792,1654,1,1
82657,71,7,5,10,74,2434,2157,2031,2,0
51876,88,2,2,8,62,2416,304,298,0,0
78041,93,4,4,9,49,2719,1302,1285,0,0
52852,93,10,7,5,63,2734,832,785,1,0
70038,54,4,4,8,38,2406,1114,984,0,0
69401,41,4,4,5,47,2257,651,612,0,0
46053,46,3,2,4,48,2656,184,159,0,0
77343,28,3,4,9,55,2179,1103,1072,0,0
73892,40,3,11,8,67,2387,1464,1421,0,1
40304,82,2,0,3,53,2431,54,51,0,0
32727,38,7,3,5,55,2829,459,389,0,0
68695,3,4,4,7,51,2163,1051,1011,0,0
43300,87,4,0,4,49,2783,149,118,0,1
26290,49,2,0,4,48,2692,55,33,0,0
93790,16,6,7,12,50,2296,2304,2259,3,1
38410,65,5,2,9,46,2812,520,506,0,1
64866,9,7,3,7,70,2313,546,536,1,0
57957,24,4,6,8,61,2473,608,579,0,0
46015,25,1,0,3,65,2236,40,34,2,0
16531,43,3,0,3,42,2170,33,22,0,0
28072,10,1,0,3,34,2515,42,37,0,0
49476,29,2,11,5,57,2533,599,403,0,0
50725,45,8,1,8,67,2660,538,490,0,0
83844,57,4,4,11,68,2572,1383,1192,1,0
41145,20,0,0,3,70,2300,12,11,0,0
67419,29,9,4,8,50,2688,1429,1387,0,0
23162,82,1,1,3,50,2349,43,21,0,0
34380,68,4,1,3,43,2582,151,127,0,0
34704,65,1,0,3,54,2587,35,30,0,0
94871,99,8,5,4,51,2825,934,790,2,1
65148,9,6,6,7,62,2749,962,809,0,0
39898,20,3,0,4,66,2661,122,110,0,0
64857,78,7,5,10,64,2742,1497,1454,0,0
59892,26,2,1,3,50,2398,87,87,0,0
41020,68,3,2,4,33,2403,181,145,0,0
57072,79,7,5,13,59,2315,1004,974,1,0
60474,25,10,2,12,41,2613,1010,840,0,0
62807,83,5,3,12,60,2826,720,621,0,0
19414,32,1,0,3,39,2415,25,18,0,0
19107,49,1,0,3,40,2470,30,14,0,0
75484,50,7,3,6,44,2855,1125,1091,0,0
70379,84,6,3,13,44,2642,852,844,0,0
79419,96,4,6,4,50,2166,1600,1569,0,0
64014,56,8,2,5,74,2178,436,428,1,0
76998,85,11,8,8,65,2693,1803,1696,1,0
49854,63,6,2,5,48,2390,350,320,0,0
60585,17,7,4,9,49,2529,715,694,0,1
42873,11,6,1,4,70,2683,254,239,0,0
87679,62,7,11,10,32,2496,2491,2458,3,1
57867,48,7,2,9,42,2430,595,578,0,0
35765,86,2,0,4,30,2359,60,45,0,0
65492,73,4,7,13,61,2313,998,951,0,0
32952,36,2,0,3,43,2369,54,53,0,0
53374,34,4,2,9,51,2841,1030,996,1,1
71706,16,9,5,7,61,2752,1429,1415,0,0
68487,48,9,7,13,32,2691,1277,1188,0,0
53253,61,4,3,5,45,2662,311,186,0,0
31163,54,1,0,3,47,2295,28,18,0,0
42014,56,7,1,6,43,2840,386,336,0,1
54108,74,8,2,9,47,2760,650,553,0,0
49667,35,5,10,5,65,2837,1357,1318,1,1
63206,65,4,3,6,46,2260,902,876,1,0
57136,48,5,2,10,48,2514,550,458,0,0
46772,88,11,8,5,45,2758,991,934,1,0
78931,19,2,8,13,49,2406,908,873,0,0
53977,21,5,5,12,62,2545,825,743,0,0
84219,27,3,4,10,32,2306,1153,1108,0,0
46098,86,3,2,2,45,2839,84,48,0,0
73538,92,10,4,9,55,2740,1551,1444,0,0
79529,1,4,8,9,34,2222,1441,1244,0,0
20981,14,3,1,2,43,2584,43,13,0,1
51766,74,4,2,4,40,2269,224,173,0,0
55759,84,10,3,8,58,2737,777,700,0,0
33039,4,2,0,4,42,2452,66,54,0,0
37787,50,3,0,3,48,2441,88,70,0,0
27242,2,2,0,3,50,2754,67,28,0,1
87188,73,10,2,6,37,2550,1868,1813,0,1
69930,21,4,5,12,49,2558,1466,1270,0,0
37697,82,2,1,3,44,2301,76,68,0,0
37401,14,2,0,3,47,2213,45,42,0,0
3502,56,0,0,0,47,2601,4,3,0,0
58597,20,7,4,9,44,2745,712,691,0,0
82032,54,4,6,7,72,2244,1177,1120,0,0
28087,77,2,2,2,62,2724,91,70,0,0
74004,5,4,6,4,33,2284,1610,1562,2,1
19740,65,1,1,3,60,2621,35,15,0,0
57036,33,6,3,13,45,2724,1466,1419,1,0
53083,65,5,1,5,62,2569,258,245,1,0
69283,41,7,3,13,45,2174,896,888,0,0
46098,86,3,2,2,45,2839,84,48,0,1
23331,92,3,0,3,32,2822,58,13,0,0
23331,97,5,1,5,32,2791,264,259,0,0
9255,91,1,1,2,31,2350,18,14,0,0
67786,0,3,6,6,61,2363,1054,952,0,1
71969,59,3,4,9,49,2780,1076,1066,1,0
59235,4,11,2,12,53,2692,1037,946,0,0
31928,5,3,0,4,31,2252,67,62,0,0
74881,48,9,2,12,59,2637,910,856,0,0
65819,99,5,4,10,42,2736,1320,1257,0,0
51411,81,0,0,3,67,2558,17,16,0,0
51983,95,9,2,10,56,2826,763,733,0,0
42386,43,3,0,3,34,2691,89,78,0,0
30390,5,2,0,3,33,2459,60,40,0,0
30983,50,4,0,3,57,2756,118,69,0,1
66033,76,8,3,7,63,2684,612,547,0,0
37284,46,0,0,3,45,2616,17,11,0,0
57530,68,1,1,4,69,2419,91,90,0,0
76800,33,4,4,7,55,2272,560,479,0,0
63943,50,6,4,6,64,2824,1085,1064,0,0
76081,85,4,5,4,58,2196,833,633,1,0
67445,63,9,6,12,46,2845,1163,1152,0,0
37054,89,1,0,3,53,2446,20,15,0,0
47175,81,4,2,4,58,2768,221,202,1,1
31859,77,1,0,2,44,2539,15,10,0,0
27215,50,2,1,4,59,2681,74,46,0,0
70179,10,7,3,13,44,2502,901,768,0,0
39922,30,3,0,4,37,2659,120,84,0,0
49681,66,7,1,7,44,2396,437,416,0,0
24645,16,1,0,2,32,2764,17,17,0,0
79865,12,5,10,5,66,2170,754,716,0,0
44322,30,3,0,3,35,2172,89,86,0,0
47958,8,6,3,5,68,2685,385,363,0,0
63972,93,5,4,10,56,2733,1257,1245,1,0
75315,14,5,4,12,66,2234,810,779,0,0
55517,53,11,1,6,70,2799,597,561,0,1
75283,26,6,3,5,63,2618,953,887,0,0
82800,23,7,6,12,74,2741,1270,1225,2,1
38998,92,2,0,3,66,2762,49,44,0,0
90638,29,3,4,10,29,2295,2429,2333,1,1
27161,41,1,0,3,34,2403,41,30,0,0
42014,56,7,1,6,43,2840,386,336,0,1
38201,19,5,1,5,60,2616,256,244,0,0
45203,4,3,1,3,38,2257,123,99,0,1
81574,89,4,5,8,73,2221,1798,1798,2,0
34935,71,2,1,4,28,2532,117,97,0,0
60482,81,7,2,7,44,2681,483,459,0,0
34633,31,1,0,2,64,2316,14,13,0,0
78093,53,4,7,5,73,2359,1095,1085,0,0
82460,78,5,3,6,70,2368,959,944,0,0
45903,80,2,1,3,54,2226,63,60,0,0
81361,18,3,10,13,33,2283,702,626,0,1
35860,37,1,1,2,47,2200,29,9,1,1
40442,52,3,1,4,68,2838,156,143,0,1
61482,39,3,2,6,55,2161,256,213,0,0
34968,11,3,2,5,40,2604,219,217,0,0
75794,33,7,5,12,33,2346,1634,1586,1,0
31497,22,3,1,4,58,2729,151,147,0,0
74268,83,4,3,5,65,2659,851,810,0,0
13724,43,2,0,2,32,2826,31,4,1,0
45143,74,6,1,5,55,2466,297,283,0,0
52569,54,2,0,4,53,2244,88,81,0,0
48432,3,7,1,6,47,2778,382,340,0,1
17144,96,3,0,4,60,2293,41,35,0,0
36108,68,7,1,4,36,2416,292,245,1,0
76445,2,2,5,13,49,2798,1375,1340,0,0
36663,40,1,1,3,45,2224,30,25,0,0
53843,64,8,5,3,55,2526,489,416,0,0
90226,26,4,7,12,64,2800,2244,2136,1,0
70638,69,4,5,10,65,2552,1271,1208,1,0
44512,57,1,0,3,60,2462,30,28,0,0
27116,78,2,0,3,59,2278,38,35,0,0
54072,71,2,0,2,57,2496,39,39,0,0
71855,59,5,5,11,43,2688,1113,1085,0,0
51250,28,10,5,4,30,2615,670,630,1,0
60432,61,7,2,5,47,2271,390,379,0,0
65526,22,4,4,8,56,2238,497,488,0,0
68655,95,4,5,11,32,2847,1500,1462,0,0
12393,38,2,0,3,42,2731,44,31,0,0
64509,19,6,3,9,30,2475,1645,1568,1,1
33955,92,5,1,5,45,2483,260,250,0,0
31353,24,1,1,2,43,2341,24,17,0,1
55434,21,5,3,13,36,2426,806,730,0,0
28359,35,1,0,2,37,2404,14,12,0,0
57100,9,3,2,7,33,2201,294,277,0,0
69139,23,4,1,5,55,2312,221,215,0,0
52973,92,9,6,9,64,2757,953,754,0,0
51717,55,3,0,4,55,2472,117,112,1,0
18793,14,2,0,4,49,2692,57,37,0,0
66664,78,5,7,6,38,2801,1257,1225,0,0
50664,64,8,1,6,61,2688,435,309,0,0
54414,49,3,1,5,57,2681,193,175,0,0
54549,8,5,1,4,68,2277,224,215,0,0
47111,35,3,2,10,49,2818,1051,1010,0,0
41003,11,6,2,8,57,2628,513,425,0,0
19444,8,4,1,2,38,2286,44,34,0,1
36301,53,3,0,3,44,2406,66,54,0,0
73059,36,9,3,13,73,2461,1024,953,0,0
42731,64,4,1,5,51,2410,220,196,0,0
52854,43,2,1,4,61,2256,116,116,0,0
22775,40,1,0,2,42,2534,14,13,0,0
46681,52,4,6,4,72,2423,387,349,0,0
59821,11,11,2,7,65,2602,699,664,0,0
50002,21,8,2,7,66,2536,556,474,0,0
69755,23,3,6,12,75,2429,801,708,0,0
44078,17,2,0,3,51,2169,37,33,0,0
30560,6,1,0,3,44,2526,24,17,0,0
35924,56,1,0,3,51,2257,27,20,0,0
64140,71,2,5,6,56,2438,1535,1320,3,1
56386,51,9,1,7,39,2769,537,462,0,0
24594,94,1,0,3,41,2360,20,11,0,0
75774,27,7,5,8,39,2217,767,711,0,0
39228,1,0,0,3,60,2574,17,14,0,0
58494,56,6,2,6,46,2358,377,358,0,0
58684,71,5,3,12,39,2172,728,643,1,0
57136,18,7,5,7,53,2566,1052,925,0,1
56551,48,2,1,4,70,2212,122,106,0,0
22448,86,2,1,3,38,2282,37,19,0,0
82014,48,3,6,12,59,2837,1480,1449,0,1
34213,2,3,1,2,57,2819,91,65,0,1
25358,57,1,0,3,73,2501,24,16,0,0
35544,77,2,0,3,42,2272,63,59,0,0
36634,0,5,2,5,66,2556,305,275,0,0
62670,57,5,3,13,66,2306,787,749,0,0
50334,24,7,4,6,48,2499,560,426,0,0
72066,55,4,6,6,39,2165,1758,1724,2,1
50729,62,6,2,7,62,2582,444,392,0,0
34916,89,5,1,3,52,2569,189,147,0,0
64892,77,6,4,12,44,2190,837,772,0,0
43602,45,3,1,2,54,2329,49,30,0,0
33996,46,1,1,3,31,2450,65,59,0,0
41473,80,2,0,3,35,2534,67,58,0,0
63246,60,6,3,12,53,2472,765,758,0,0
36732,71,1,1,4,61,2341,40,33,0,0
69084,43,7,3,13,50,2381,1556,1526,0,0
77766,97,11,10,11,53,2651,1502,1475,1,1
37929,49,4,2,5,35,2493,255,245,2,1
86610,66,5,6,6,69,2456,1550,1497,0,0
80141,20,7,4,10,34,2693,2051,2011,1,1
72635,54,6,8,6,65,2550,874,767,1,0
69016,61,8,9,13,50,2743,1372,1211,0,0
20193,18,1,1,4,29,2737,73,64,0,0
27573,45,5,1,4,45,2620,229,214,0,0
15862,26,1,0,3,41,2526,26,16,0,0
49544,0,5,1,8,44,2661,381,358,0,0
33228,28,2,0,3,40,2316,66,61,0,0
70440,49,5,10,7,42,2423,1484,1396,1,0
38232,84,3,1,3,49,2322,89,56,0,0
22554,38,2,0,4,65,2762,37,33,0,0
23536,53,0,0,3,37,2184,9,8,0,0
49413,88,4,2,5,68,2406,258,212,0,0
42231,99,1,0,3,51,2255,33,29,0,0
78789,12,4,6,5,40,2849,1671,1588,0,1
56534,35,10,4,7,52,2500,769,723,2,1
58350,5,8,3,12,49,2700,921,841,0,0
81217,77,3,7,11,31,2504,1073,989,0,0
49090,45,7,2,9,69,2504,588,488,0,0
61787,71,8,4,6,33,2517,1234,1149,0,0
18169,40,1,0,2,35,2654,14,7,0,0
24336,82,1,0,2,39,2830,19,7,0,0
18222,70,2,0,3,30,2704,53,39,0,0
62335,87,3,3,13,68,2561,682,656,0,0
42033,95,1,0,2,49,2807,18,11,0,0
86580,72,4,2,5,37,2646,726,706,1,0
41437,5,1,0,3,63,2804,31,30,0,0
73705,86,9,6,8,69,2275,1588,1481,0,0
61064,80,8,4,11,44,2826,900,720,0,0
38452,62,3,0,3,65,2250,70,68,0,0
18358,49,3,0,4,31,2380,53,49,0,0
55012,85,8,2,9,47,2259,647,634,0,0
9722,7,3,1,3,47,2794,61,19,0,1
38175,6,3,1,4,36,2438,150,147,0,0
58656,25,7,8,13,64,2806,1208,1196,1,0
52117,55,5,2,4,55,2841,259,239,0,0
64813,81,7,2,10,42,2337,693,641,0,0
54222,98,3,3,5,47,2279,257,250,0,0
83512,31,4,7,10,34,2171,2056,1955,4,1
77520,30,8,7,7,61,2464,1468,1410,3,1
41154,98,1,0,4,42,2605,62,55,0,0
80398,92,5,8,12,54,2755,1571,1545,1,0
18746,41,3,0,3,28,2190,44,24,0,0
35196,68,6,1,5,36,2752,310,123,0,0
60230,78,6,3,6,64,2564,1027,987,0,0
22108,46,2,0,3,43,2211,25,19,0,0
44392,71,4,1,4,46,2456,182,153,0,0
55424,6,7,5,9,44,2740,770,663,1,1
17688,82,1,0,2,41,2691,9,7,0,0
92491,71,7,5,12,37,2583,2012,1990,3,1
90273,32,5,6,7,29,2356,1880,1769,3,1
82571,28,6,5,13,58,2247,1607,1528,1,0
38513,20,6,1,5,38,2311,306,288,0,1
16653,10,2,1,3,41,2231,62,55,0,1
42586,7,4,1,6,65,2767,252,252,0,1
23529,67,1,1,2,55,2697,34,14,0,0
74881,48,9,2,12,59,2637,910,856,0,0
71107,61,7,6,13,69,2656,1132,937,0,0
46910,36,2,0,3,56,2257,62,56,0,0
18690,77,1,1,2,61,2707,41,22,0,0
37244,90,1,1,2,65,2587,30,5,1,0
82427,35,3,5,12,54,2268,1349,1242,1,0
75342,38,5,2,10,62,2578,537,511,0,0
70044,46,7,10,5,66,2655,1490,1476,0,0
79146,33,8,1,8,53,2225,548,532,0,0
77437,70,4,5,13,57,2374,1096,1067,1,0
54984,51,6,1,6,61,2195,352,346,1,0
42403,18,1,0,3,49,2359,39,36,0,0
55761,97,4,1,3,56,2225,152,120,1,0
37292,32,6,3,5,37,2596,394,328,0,0
45576,9,3,1,3,75,2191,120,95,0,1
70321,6,6,5,13,73,2688,1185,994,0,1
58086,80,11,3,7,51,2684,777,762,0,0
81795,74,4,11,7,68,2770,1294,1206,0,0
28389,49,1,0,2,73,2745,20,12,0,0
66835,21,6,4,13,74,2433,892,751,0,0
69901,95,7,3,10,51,2555,733,584,0,0
80360,56,4,4,5,71,2642,2188,2145,3,0
63342,48,8,3,5,59,2780,1080,1059,1,1
44989,26,5,1,5,46,2814,263,157,0,0
31859,3,1,0,3,40,2281,37,26,0,0
51569,39,7,1,7,71,2661,433,399,1,1
30372,33,2,0,3,49,2710,37,30,0,0
16014,42,1,1,4,41,2628,31,24,0,0
41120,80,2,1,3,52,2394,57,33,0,0
39763,9,5,1,2,49,2488,151,135,0,1
38725,52,1,0,4,65,2209,40,35,0,0
77981,78,7,4,7,48,2558,604,544,0,0
62905,68,7,2,8,56,2451,563,504,0,0
13533,45,2,0,3,41,2635,31,14,0,0
59481,47,3,3,8,45,2408,403,345,0,0
72117,34,9,7,9,43,2472,1023,973,0,0
21955,81,2,1,3,34,2454,44,33,0,0
67131,72,9,2,12,64,2619,914,852,0,0
36802,23,1,0,3,40,2172,19,18,0,0
71853,29,2,8,6,38,2576,1117,1085,0,0
28249,80,2,0,3,59,2173,33,23,0,0
47808,30,3,2,3,45,2411,152,80,1,0
25509,15,3,0,3,46,2808,90,79,0,1
51012,86,4,1,4,74,2596,185,161,0,0
70596,68,3,5,12,35,2791,942,916,0,0
85431,54,2,7,7,68,2545,1112,1059,0,0
42664,44,1,0,3,53,2262,24,24,0,0
42586,7,4,1,6,65,2767,252,252,0,1
29760,87,3,1,4,35,2828,148,131,0,0
28973,59,5,1,5,43,2783,257,245,0,0
39435,16,3,1,2,47,2486,89,76,0,0
65370,1,2,3,13,36,2491,432,403,0,0
20194,64,2,0,3,41,2718,32,17,0,0
42473,72,2,1,4,44,2291,119,94,0,0
64590,98,9,4,10,52,2782,1308,1278,0,0
71232,91,11,2,10,61,2372,900,883,0,0
34600,8,5,2,5,49,2703,303,288,0,1
46904,20,5,1,4,53,2762,222,191,0,0
49094,6,6,3,6,47,2805,433,364,0,0
36075,54,2,0,4,37,2361,89,59,0,0
60839,72,2,2,12,41,2829,1122,994,0,0
77298,46,6,6,11,41,2398,890,811,0,0
34026,11,2,1,3,70,2487,59,42,0,0
48918,21,1,0,4,57,2237,61,60,0,0
82122,89,3,9,13,58,2477,1282,1182,1,0
37697,82,2,1,3,44,2301,76,68,0,0
34074,69,3,3,3,68,2510,188,121,1,0
28520,55,1,1,2,60,2539,23,3,0,0
62535,13,3,2,8,65,2428,346,294,0,0
36273,80,3,0,3,43,2233,67,58,0,0
63404,97,6,3,4,56,2182,885,868,1,0
75774,27,7,5,8,39,2217,767,711,0,0
78416,99,7,7,10,44,2161,996,813,0,0
75702,87,10,5,13,46,2782,1884,1847,1,0
59385,85,3,1,4,69,2586,149,113,0,0
37070,30,5,1,8,54,2625,394,355,0,1
44689,82,1,1,2,69,2329,23,12,1,0
53977,21,5,5,12,62,2545,825,743,0,0
7144,92,23,1,1,54,2363,125,-166,0,0
18701,95,2,0,4,56,2549,34,24,0,0
90369,2,4,6,6,64,2221,1571,1554,0,1
63159,74,3,5,8,46,2760,1760,1723,1,0
37758,49,1,0,3,54,2792,39,38,0,0
46757,71,4,4,7,57,2749,1021,899,0,0
79734,72,4,3,6,51,2160,897,880,1,0
63207,68,2,3,6,28,2684,1432,1362,1,0
72071,4,5,4,8,66,2659,1188,1038,0,0
21840,80,1,0,3,37,2502,26,25,0,0
58582,15,9,2,9,38,2433,721,679,1,0
72282,70,5,7,9,69,2504,1178,1025,0,1
50387,91,6,2,8,64,2461,491,457,0,0
32583,10,1,0,2,59,2173,8,7,0,0
62568,99,5,3,5,58,2242,892,831,1,0
44635,25,2,0,3,49,2420,65,62,0,0
33316,34,2,1,4,49,2427,119,107,0,0
63967,57,4,4,12,52,2483,720,558,0,0
52513,84,9,5,9,42,2822,917,685,0,0
25293,51,1,1,2,51,2446,28,19,0,0
54111,97,5,2,6,55,2467,338,288,0,0
78394,13,4,6,5,34,2658,1262,1096,0,1
80739,92,3,11,9,62,2561,1541,1449,0,0
22669,30,4,1,2,45,2562,125,77,0,1
29236,30,4,0,3,33,2423,90,81,0,0
44911,11,4,1,4,61,2630,184,153,0,0
54693,72,6,4,13,58,2656,894,859,0,0
48186,39,4,1,4,46,2260,185,151,0,0
54809,0,2,1,5,43,2450,152,130,0,1
41580,15,2,1,3,42,2725,89,86,0,0
80336,12,2,9,13,50,2452,986,920,0,0
47743,56,4,1,6,63,2623,255,235,1,0
62972,39,7,4,3,65,2854,395,203,0,0
57333,55,8,5,9,66,2804,1486,1310,0,1
32313,60,4,0,4,38,2662,152,145,0,0
84953,73,3,10,4,67,2550,952,880,3,1
27071,90,2,0,3,52,2226,32,29,0,0
68148,86,4,4,6,63,2461,957,872,0,0
65735,37,6,2,6,55,2363,384,373,0,0
86836,7,6,10,6,45,2814,494,431,3,1
4023,29,0,0,0,57,2165,8,7,0,0
30093,19,2,0,3,30,2515,53,37,0,0
57705,14,8,1,6,54,2328,446,406,0,0
25008,72,1,0,3,32,2306,25,16,0,0
83257,56,5,10,12,25,2808,1298,1231,2,1
22280,85,1,0,2,45,2565,11,9,0,0
72159,62,4,6,10,42,2767,1348,1295,0,0
64260,1,4,5,4,59,2693,1544,1514,0,1
82733,28,8,4,7,36,2451,1285,1247,0,1
74290,70,10,8,10,49,2480,1205,1193,2,0
58217,84,2,0,4,69,2748,90,77,0,0
21024,89,2,0,4,44,2519,66,48,0,0
70116,73,2,8,12,48,2678,1507,1478,0,0
54006,42,8,1,7,35,2808,484,387,0,0
69063,16,5,3,5,54,2758,902,876,0,0
11448,16,1,0,2,45,2355,8,2,0,0
61825,56,4,2,8,41,2485,397,370,0,0
70886,65,5,4,4,49,2417,907,854,0,0
69109,10,6,6,7,38,2756,1460,1365,1,1
60208,13,8,3,7,47,2789,597,538,1,1
32889,78,2,1,3,52,2455,47,39,0,0
34738,51,1,0,3,36,2208,18,16,0,0
30538,27,9,0,4,49,2795,347,327,0,0
82326,30,5,10,6,43,2270,2074,1891,3,1
26642,71,2,0,3,53,2279,34,26,0,0
69932,97,7,6,11,56,2541,992,935,0,0
44503,83,2,0,3,48,2233,40,32,0,0
60200,3,6,2,11,72,2702,659,633,0,0
49638,71,1,0,3,68,2230,39,39,0,0
23830,3,1,0,3,33,2301,27,11,0,0
33051,15,9,1,8,61,2841,616,397,0,1
72905,52,3,7,9,62,2318,1312,1109,1,0
69702,8,7,7,10,69,2654,982,925,0,0
70300,89,5,5,13,45,2508,1550,1504,0,0
70643,66,5,8,4,36,2781,1795,1762,0,1
30396,22,1,1,2,51,2219,22,10,1,1
50616,56,4,0,4,52,2231,145,141,0,0
62772,74,5,6,11,51,2565,838,730,1,0
30298,48,1,1,3,35,2200,28,28,0,0
52413,67,7,1,7,36,2762,438,426,0,0
44155,24,1,1,2,63,2320,32,18,0,0
86979,67,5,5,5,49,2393,1667,1632,1,1
76532,38,9,5,7,45,2452,790,760,0,0
42081,86,6,3,4,38,2647,355,328,1,0
67546,90,4,10,5,32,2826,1954,1782,0,0
88420,87,4,7,8,31,2217,1916,1763,3,0
31158,62,2,0,3,35,2677,67,62,0,0
61671,23,10,4,6,52,2185,704,676,2,0
69719,99,2,3,5,46,2193,758,715,0,0
49160,29,3,1,6,71,2411,221,206,0,0
24882,52,1,1,2,42,2817,44,8,1,0
90933,90,4,6,4,66,2249,1606,1527,1,0
113734,9,27,0,0,75,2191,274,271,0,0
59292,71,3,5,8,70,2540,493,479,0,0
45759,13,2,0,3,56,2650,64,60,0,0
22148,16,1,0,3,37,2236,38,27,0,0
73395,94,4,4,6,33,2262,386,375,0,0
29819,77,3,0,3,49,2407,37,35,0,0
45688,20,3,1,8,52,2314,297,288,1,0
62820,51,3,4,6,66,2573,923,870,0,0
60491,81,6,11,7,49,2455,952,876,0,0
33235,71,3,0,3,34,2303,64,58,0,0
35701,36,1,0,3,61,2626,41,36,0,0
31535,95,1,1,2,40,2435,32,13,1,0
92556,32,3,5,13,60,2229,1235,1207,0,0
67384,32,7,8,5,50,2755,1383,1276,1,0
80573,85,4,6,13,49,2782,1549,1534,0,0
77870,93,5,5,5,53,2835,1682,1549,2,1
52278,24,10,5,10,57,2679,1024,850,0,0
57107,44,4,4,8,52,2833,279,142,2,1
18929,15,1,0,4,30,2657,67,49,0,0
36038,82,3,0,3,39,2553,40,33,0,0
20180,27,2,1,4,44,2653,119,101,0,0
34230,72,1,0,2,55,2709,19,17,0,0
31878,7,1,0,4,43,2166,47,24,0,0
70932,57,6,2,12,48,2320,724,539,0,0
91249,84,7,9,6,64,2776,1649,1622,4,1
77598,53,7,5,13,77,2430,1702,1669,1,0
80982,48,11,5,11,61,2696,1169,1147,0,0
22701,2,1,0,3,43,2456,19,14,0,0
55212,65,4,2,11,51,2742,1148,1114,2,0
70617,45,3,3,7,50,2530,1253,1226,0,0
64849,42,9,3,6,63,2752,1228,1120,0,1
62694,29,9,3,7,55,2536,658,567,0,0
61917,83,2,0,4,46,2380,90,89,0,0
67472,93,4,2,7,73,2433,345,276,0,0
21059,40,3,0,3,38,2332,36,28,0,0
29543,47,3,1,2,52,2248,45,27,0,0
75903,50,6,6,9,69,2606,801,701,0,0
34984,40,1,0,3,45,2820,35,32,0,0
54998,3,4,2,9,64,2635,447,439,0,1
54356,62,11,2,8,71,2746,775,775,0,1
34242,25,0,0,3,61,2257,14,13,0,0
25410,48,1,0,4,47,2461,34,30,0,0
73356,56,5,11,5,36,2302,1400,1288,3,1
28320,68,1,0,3,70,2690,39,35,0,0
23763,64,1,0,3,43,2850,36,30,0,0
72570,67,4,6,12,36,2224,865,641,0,0
34529,94,2,2,3,44,2812,121,80,0,0
70792,82,3,4,10,69,2667,1158,1044,0,0
63211,3,3,8,7,38,2763,1028,883,0,1
83891,24,4,7,10,46,2168,801,786,0,0
36065,54,3,0,3,52,2614,71,68,0,0
39898,20,3,0,4,66,2661,122,110,0,0
51141,96,3,1,4,80,2515,151,145,0,0
56939,19,3,3,10,44,2443,512,463,0,0
80872,60,4,4,10,69,2207,1228,1120,0,0
72335,2,10,4,8,44,2844,2092,2092,0,1
61798,13,4,2,9,56,2377,450,437,0,0
76842,37,1,8,7,70,2216,1098,1066,0,0
29478,59,1,0,3,44,2322,19,18,0,0
46998,55,5,3,5,64,2774,350,323,1,0
96843,60,6,11,10,30,2591,1527,1510,1,1
56551,48,2,1,4,70,2212,122,106,0,0
70053,38,8,5,10,55,2520,923,834,0,0
71670,8,5,3,6,58,2514,1606,1446,3,1
44359,19,2,0,4,42,2171,44,43,0,0
40887,32,3,1,3,68,2578,118,75,0,1
48877,27,3,0,4,54,2334,120,96,0,0
74485,58,6,7,12,73,2468,1685,1636,0,0
64474,59,8,2,10,48,2409,730,637,0,0
77226,29,6,8,12,57,2280,1117,1096,0,0
72643,60,3,10,7,71,2646,1376,1323,1,1
85738,41,3,6,11,42,2316,1358,1345,2,0
55686,27,6,3,5,54,2659,956,930,1,0
39062,28,1,0,3,37,2255,32,20,1,0
34600,8,5,2,5,49,2703,303,288,0,1
40794,18,6,3,5,45,2607,384,334,0,0
54690,76,3,1,5,49,2393,180,162,0,0
4428,0,25,0,0,51,2426,38,-283,0,0
32632,32,4,4,8,57,2855,523,470,0,0
38236,2,3,0,4,52,2441,78,68,0,0
36781,16,2,1,2,41,2239,50,37,0,1
31385,56,1,0,2,36,2730,18,9,1,1
24570,97,4,0,4,36,2646,149,105,0,0
25509,15,3,0,3,46,2808,90,79,0,1
94642,35,5,7,9,69,2296,2068,1925,2,0
58646,3,2,1,4,58,2543,118,96,0,0
53201,49,6,3,5,45,2661,388,361,0,0
21994,4,0,0,3,63,2711,19,16,0,0
57113,45,4,1,5,42,2667,221,179,0,0
51373,37,3,5,3,29,2531,276,159,0,0
23477,39,3,0,4,34,2410,118,89,0,0
58116,38,3,3,8,64,2236,392,341,0,0
72968,8,5,5,8,57,2354,1903,1848,1,1
39791,89,3,1,4,49,2617,153,132,0,0
91712,47,9,7,11,73,2414,2169,2121,1,1
94472,75,5,5,5,62,2246,1675,1659,2,0
13672,86,1,0,3,60,2597,20,15,0,0
96547,4,7,6,8,40,2196,747,685,3,1
79205,73,6,5,4,45,2828,851,807,1,1
56559,46,4,3,8,45,2710,453,422,0,0
32644,38,7,1,6,47,2688,390,367,1,0
67506,73,4,1,6,40,2337,264,197,0,0
24206,66,1,0,3,50,2637,22,19,0,0
28420,36,1,0,2,53,2346,13,13,0,0
22979,29,3,2,2,50,2820,93,71,0,1
33279,29,0,0,3,54,2176,16,16,0,0
46423,6,2,0,4,48,2443,84,76,0,0
30368,97,2,0,3,43,2393,50,48,0,0
63684,61,8,4,8,50,2739,1384,1304,0,0
41638,68,5,5,3,56,2660,350,259,1,0
68805,73,3,1,7,61,2444,263,243,0,0
65814,90,8,2,10,54,2278,712,677,0,0
71964,81,5,6,5,62,2564,1784,1698,0,0
39146,1,4,0,4,34,2659,153,141,0,0
96876,79,7,7,9,43,2486,1920,1899,3,1
34445,92,11,2,8,39,2677,809,779,0,0
68281,31,2,9,13,62,2850,1614,1573,0,1
37284,46,0,0,3,45,2616,17,11,0,0
36790,14,2,1,2,37,2644,56,46,0,1
27943,89,2,0,3,53,2599,34,31,0,0
22263,31,1,0,3,69,2250,19,17,0,0
30261,75,0,0,3,48,2801,16,10,0,0
28587,42,2,0,4,42,2296,65,52,0,0
43815,53,2,0,3,38,2609,64,49,0,0
48195,53,4,2,5,64,2318,260,255,0,0
77027,23,8,3,6,68,2303,1164,1153,0,0
71322,57,8,5,13,55,2657,1101,897,0,0
32765,49,2,0,4,41,2285,43,40,0,0
29672,6,0,0,3,55,2633,17,9,0,0
23272,29,1,0,3,67,2414,34,22,0,0
49912,5,10,5,7,71,2819,832,790,1,1
7500,98,2,1,3,35,2856,66,32,0,0
68117,80,11,8,4,73,2635,894,858,1,1
67225,4,7,2,11,65,2374,725,582,0,0
17649,70,3,0,3,44,2388,44,43,0,0
55914,32,11,6,8,45,2585,1028,796,0,0
40059,82,6,2,3,36,2433,269,124,1,0
60905,27,3,3,7,70,2365,354,316,0,0
75330,94,10,3,12,43,2792,1048,987,0,0
60689,23,4,4,10,69,2552,615,591,0,0
38680,97,2,0,3,36,2617,67,55,0,0
61416,25,10,3,10,38,2665,1587,1509,1,0
49767,92,5,4,8,29,2582,543,394,0,0
83273,98,4,6,9,50,2801,1290,1188,0,0
29009,19,2,0,3,39,2371,42,40,0,0
45057,80,2,0,3,41,2369,47,44,0,0
37150,80,4,3,6,49,2815,351,235,0,0
43020,79,4,1,4,50,2370,180,137,0,0
53154,50,3,1,4,61,2179,151,144,0,0
65308,60,7,8,12,47,2450,1177,1143,2,0
76467,44,2,5,5,50,2840,1517,1459,0,1
81044,0,5,6,10,73,2343,1182,1156,0,0
32871,28,1,0,3,69,2636,38,33,0,0
55801,35,7,2,6,45,2439,432,337,1,0
76320,49,6,3,4,61,2166,897,862,0,0
36927,46,3,0,3,65,2186,67,63,0,0
48794,97,1,0,3,67,2162,39,24,0,0
23478,51,3,0,3,55,2626,90,51,0,0
71128,80,2,10,12,47,2790,1584,1553,0,0
70179,10,7,3,13,44,2502,901,768,0,0
59462,29,9,2,12,70,2699,892,696,0,0
38361,74,3,1,3,51,2343,123,109,0,0
70038,54,4,4,8,38,2406,1114,984,0,0
42554,93,2,0,3,42,2692,41,41,0,0
67445,63,9,6,12,46,2845,1163,1152,0,0
67046,92,4,5,4,69,2698,886,779,0,0
42192,40,2,1,3,72,2455,93,86,0,0
77610,70,4,7,4,68,2767,1664,1648,0,0
31761,96,3,0,4,36,2244,70,42,0,0
34350,81,1,0,3,41,2412,37,26,0,0
54591,63,6,2,8,71,2487,495,471,0,0
71866,85,6,3,10,64,2345,682,649,0,0
25293,51,1,1,2,51,2446,28,19,0,0
42000,23,5,2,11,33,2694,618,583,0,1
69520,95,9,6,5,37,2516,1362,1269,0,0
64713,11,5,5,7,50,2301,548,494,0,1
27889,42,1,1,2,43,2518,18,10,0,0
22123,77,2,1,3,60,2253,71,40,0,0
27803,40,3,0,4,47,2831,127,78,0,0
51651,32,6,2,5,60,2758,341,249,0,0
68487,48,9,7,13,32,2691,1277,1188,0,0
56796,24,8,9,7,51,2657,964,927,0,0
87000,61,4,6,7,28,2720,912,863,0,0
79823,6,6,9,7,61,2249,1475,1432,1,0
30828,16,1,1,4,40,2427,44,32,0,0
34109,39,0,0,3,49,2394,18,14,0,0
53367,2,5,1,8,46,2461,389,378,0,1
22390,49,1,0,2,51,2410,21,16,0,0
71322,31,4,1,7,44,2217,308,266,0,0
79244,58,4,10,7,27,2716,971,726,2,1
49912,5,10,5,7,71,2819,832,790,1,1
48699,90,1,0,3,70,2563,39,38,0,0
80144,47,3,7,8,45,2431,1259,1151,0,0
54252,25,4,1,5,64,2556,220,176,0,0
81929,60,4,4,10,44,2797,1868,1683,2,1
76068,67,2,3,4,45,2736,1300,1224,2,0
53204,40,1,0,3,44,2260,39,33,0,0
67911,63,6,7,11,71,2197,976,976,0,0
14796,1,1,0,3,36,2809,35,19,0,1
78128,89,8,4,6,46,2289,1228,1192,2,0
14188,40,2,0,4,48,2645,48,21,0,0
20425,5,2,0,3,34,2767,40,23,0,0
58646,3,2,1,4,58,2543,118,96,0,0
72967,1,7,2,8,50,2720,372,247,1,1
48150,24,5,1,4,71,2545,219,172,0,0
82332,89,5,3,12,59,2809,1987,1968,1,1
58275,48,8,2,7,65,2551,551,487,0,0
44953,31,7,3,13,39,2714,897,773,1,0
34587,68,1,0,3,67,2203,20,18,0,0
43018,46,2,2,2,46,2399,69,5,0,0
45736,92,7,1,6,66,2499,394,351,0,0
66476,80,6,8,10,51,2366,956,899,0,0
27733,16,2,0,3,39,2466,40,23,0,0
69805,50,6,8,11,68,2318,1018,998,0,0
72217,93,3,10,8,58,2604,1419,1265,0,0
25818,51,0,1,2,49,2778,19,10,0,0
37509,24,3,0,4,44,2814,118,113,0,0
25176,79,1,0,2,44,2482,8,3,0,0
43586,26,3,0,4,40,2827,116,100,0,0
53230,86,5,2,12,64,2854,503,274,0,0
50116,68,1,0,4,63,2168,64,62,1,0
84906,98,5,6,12,48,2427,1555,1479,3,0
61286,34,7,1,8,54,2490,491,374,0,0
82333,60,4,3,10,34,2615,1805,1788,1,1
65220,3,8,4,7,55,2823,1270,1258,0,1
33590,65,1,0,2,46,2397,6,4,0,0
30992,83,1,0,3,44,2592,41,39,0,0
72309,64,5,6,8,44,2634,1931,1931,1,1
16005,69,2,1,2,40,2843,56,9,0,0
65487,48,3,5,6,63,2329,1006,843,0,0
58692,21,8,2,4,55,2243,384,373,0,0
40590,30,3,4,3,51,2429,221,184,1,0
20587,39,1,1,2,50,2208,16,7,0,0
62637,76,2,2,5,66,2279,180,175,0,0
29435,11,3,2,2,54,2851,116,52,0,1
19346,26,1,0,3,46,2309,20,18,0,0
35788,34,2,0,3,49,2316,40,36,0,0
36997,72,2,1,4,52,2672,67,40,0,0
23539,13,2,0,4,63,2280,56,31,0,0
65333,58,9,4,8,47,2322,768,738,2,0
78499,12,11,3,4,63,2377,1237,1140,1,1
29732,23,2,0,2,49,2255,34,30,0,0
41275,33,3,1,3,60,2256,52,43,0,0
63516,30,4,1,7,47,2517,295,290,0,0
42769,15,1,1,4,58,2419,88,88,0,0
49572,25,2,0,3,62,2355,53,52,0,0
69209,4,5,3,6,48,2809,1654,1526,1,0
17148,80,3,1,3,44,2311,52,36,0,0
40590,30,3,4,3,51,2429,221,184,1,0
30560,6,1,0,3,44,2526,24,17,0,0
32146,16,2,0,4,37,2207,63,60,0,0
41713,57,3,1,4,56,2220,149,124,0,0
34176,9,1,0,3,45,2317,26,24,0,0
58482,59,7,4,9,65,2268,724,717,1,0
59686,78,4,1,6,55,2314,269,264,0,0
60896,90,9,10,4,56,2785,1548,1395,0,1
62994,74,6,2,4,40,2276,300,288,0,0
47320,10,5,1,8,63,2491,395,376,0,0
74859,63,6,5,11,71,2550,1492,1419,1,0
15253,13,1,0,3,28,2403,16,3,0,0
31560,98,2,1,3,46,2529,87,80,0,0
72071,4,5,4,8,66,2659,1188,1038,0,0
91172,94,4,3,7,30,2618,1036,980,4,1
90000,91,4,8,5,36,2347,1238,997,3,0
41967,66,1,0,3,39,2377,39,24,0,0
69263,14,9,1,7,55,2275,547,526,1,0
65706,77,11,3,12,50,2525,1070,941,3,1
60934,41,6,4,11,45,2322,819,765,0,0
71965,21,6,3,5,69,2494,965,717,0,0
65210,25,9,3,8,65,2270,703,675,2,0
79174,2,5,6,7,45,2693,1914,1785,2,1
81380,51,4,2,10,53,2713,1790,1687,0,0
48432,3,7,1,6,47,2778,382,340,0,0
52914,32,7,3,3,49,2697,348,121,1,0
38946,84,3,1,6,65,2407,216,175,0,0
26067,49,3,0,3,46,2396,44,32,0,0
44325,69,8,2,7,48,2638,537,532,1,0
42523,96,1,1,4,56,2226,90,55,0,0
26487,23,2,1,3,42,2564,46,23,0,0
53233,18,1,0,3,63,2262,40,40,0,0
67716,8,7,4,13,60,2694,960,904,1,0
76234,21,8,3,11,48,2302,866,825,1,0
84117,60,7,10,6,64,2208,1540,1514,1,0
65487,48,3,5,6,63,2329,1006,843,0,0
25224,36,1,1,3,48,2264,38,30,0,0
89616,36,7,5,12,37,2648,1629,1614,0,1
40851,63,1,1,2,49,2652,35,11,0,0
27469,2,0,0,3,73,2855,17,17,0,0
82347,38,7,7,10,63,2759,1790,1727,2,1
73803,61,9,5,6,63,2856,1354,1180,1,1
8820,52,3,0,3,68,2623,31,27,0,0
43322,25,3,0,4,46,2228,123,105,0,0
55593,63,6,6,3,47,2471,440,334,1,0
50501,10,5,4,4,66,2535,348,196,1,1
37085,65,3,0,3,45,2162,58,55,0,0
16185,71,2,2,2,30,2487,61,16,0,0
57731,0,8,8,6,51,2742,660,616,0,0
48432,3,7,1,6,47,2778,382,340,0,1
73807,88,5,5,11,42,2702,795,741,0,0
18929,15,1,0,4,30,2657,67,49,0,0
35893,80,3,1,5,52,2781,181,163,0,0
61014,17,9,3,4,40,2846,1118,1089,0,0
32144,76,2,1,3,66,2257,51,48,1,0
14918,52,1,0,3,57,2728,28,13,0,0
45146,28,1,1,2,57,2508,38,23,0,0
41769,31,8,1,7,65,2660,494,467,0,0
88325,42,6,2,9,39,2303,1570,1517,0,0
38054,24,2,0,3,70,2218,45,45,0,0
80617,42,4,6,8,25,2784,1403,1371,0,0
5305,12,1,0,0,44,2493,27,22,0,0
36807,88,1,0,2,66,2715,11,6,0,0
28427,67,2,0,3,37,2624,46,40,0,0
82032,54,4,6,7,72,2244,1177,1120,0,0
22775,40,1,0,2,42,2534,14,13,0,0
40101,73,6,1,6,35,2782,353,291,0,0
58025,81,3,2,10,41,2374,448,426,0,0
75777,12,3,6,11,38,2519,1358,1278,2,1
7500,7,3,2,2,41,2577,32,11,0,0
33562,33,2,0,4,57,2163,48,45,0,0
57642,24,7,6,6,50,2330,652,625,1,0
58554,55,8,2,6,52,2800,498,410,0,0
63777,87,11,1,6,41,2621,600,547,0,0
57967,39,4,2,8,58,2642,377,286,0,0
24434,9,2,1,2,48,2201,33,16,0,0
11012,82,3,1,2,36,2629,61,38,1,0
44802,71,9,4,12,50,2836,1029,1009,0,0
26816,50,0,0,3,34,2840,19,16,0,0
34421,81,1,0,2,46,2522,21,12,0,0
61223,46,9,3,4,53,2540,1094,847,0,0
64014,56,8,2,5,74,2178,436,428,1,0
56981,91,2,3,13,39,2314,1217,1193,1,0
69245,8,6,5,10,64,2315,782,721,0,0
52869,40,3,1,4,66,2781,151,130,0,1
